country,year,electricity_generation,biofuel_electricity,hydro_electricity,low_carbon_electricity,nuclear_electricity,solar_electricity,wind_electricity,coal_electricity,gas_electricity,oil_electricity,total_electricity,total_clean_electricity,total_dirty_electricity
Albania,2000,4.69,0.0,4.55,4.55,0.0,0.0,0.0,0.0,0.0,0.14,9.24,9.1,0.14
Albania,2001,3.65,0.0,3.52,3.52,0.0,0.0,0.0,0.0,0.0,0.13,7.17,7.04,0.13
Albania,2002,3.64,0.0,3.48,3.48,0.0,0.0,0.0,0.0,0.0,0.16,7.12,6.96,0.16
Albania,2003,5.22,0.0,5.12,5.12,0.0,0.0,0.0,0.0,0.0,0.1,10.34,10.24,0.1
Albania,2004,5.54,0.0,5.41,5.41,0.0,0.0,0.0,0.0,0.0,0.13,10.950000000000001,10.82,0.13
Albania,2005,5.39,0.0,5.32,5.32,0.0,0.0,0.0,0.0,0.0,0.07,10.71,10.64,0.07
Albania,2006,5.04,0.0,4.95,4.95,0.0,0.0,0.0,0.0,0.0,0.09,9.99,9.9,0.09
Albania,2007,2.83,0.0,2.76,2.76,0.0,0.0,0.0,0.0,0.0,0.07,5.59,5.52,0.07
Albania,2008,3.83,0.0,3.76,3.76,0.0,0.0,0.0,0.0,0.0,0.07,7.59,7.52,0.07
Albania,2009,5.2,0.0,5.2,5.2,0.0,0.0,0.0,0.0,0.0,0.0,10.4,10.4,0.0
Albania,2010,7.49,0.0,7.49,7.49,0.0,0.0,0.0,0.0,0.0,0.0,14.98,14.98,0.0
Albania,2011,4.15,0.0,4.09,4.09,0.0,0.0,0.0,0.0,0.0,0.06,8.24,8.18,0.06
Albania,2012,4.68,0.0,4.68,4.68,0.0,0.0,0.0,0.0,0.0,0.0,9.36,9.36,0.0
Albania,2013,6.89,0.0,6.89,6.89,0.0,0.0,0.0,0.0,0.0,0.0,13.78,13.78,0.0
Albania,2014,4.68,0.0,4.68,4.68,0.0,0.0,0.0,0.0,0.0,0.0,9.36,9.36,0.0
Albania,2015,5.84,0.0,5.84,5.84,0.0,0.0,0.0,0.0,0.0,0.0,11.68,11.68,0.0
Albania,2016,7.7,0.0,7.7,7.7,0.0,0.0,0.0,0.0,0.0,0.0,15.4,15.4,0.0
Albania,2017,4.48,0.0,4.48,4.48,0.0,0.0,0.0,0.0,0.0,0.0,8.96,8.96,0.0
Albania,2018,8.47,0.0,8.47,8.47,0.0,0.0,0.0,0.0,0.0,0.0,16.94,16.94,0.0
Albania,2019,5.17,0.0,5.15,5.17,0.0,0.02,0.0,0.0,0.0,0.0,10.34,10.34,0.0
Albania,2020,5.31,0.0,5.28,5.31,0.0,0.03,0.0,0.0,0.0,0.0,10.62,10.62,0.0
Albania,2021,8.96,0.0,8.89,8.96,0.0,0.07,0.0,0.0,0.0,0.0,17.92,17.92,0.0
Armenia,2000,5.62,0.0,1.25,3.09,1.84,0.0,0.0,0.0,2.53,0.0,8.709999999999999,6.18,2.53
Armenia,2001,5.57,0.0,0.96,2.95,1.99,0.0,0.0,0.0,2.62,0.0,8.52,5.9,2.62
Armenia,2002,5.21,0.0,1.64,3.73,2.09,0.0,0.0,0.0,1.48,0.0,8.94,7.46,1.48
Armenia,2003,5.21,0.0,1.96,3.78,1.82,0.0,0.0,0.0,1.43,0.0,8.99,7.5600000000000005,1.43
Armenia,2004,5.9,0.0,1.98,4.18,2.2,0.0,0.0,0.0,1.72,0.0,10.08,8.36,1.72
Armenia,2005,5.97,0.0,1.75,4.25,2.5,0.0,0.0,0.0,1.72,0.0,10.22,8.5,1.72
Armenia,2006,5.62,0.0,1.81,4.23,2.42,0.0,0.0,0.0,1.39,0.0,9.850000000000001,8.46,1.39
Armenia,2007,5.58,0.0,1.83,4.18,2.35,0.0,0.0,0.0,1.4,0.0,9.76,8.36,1.4
Armenia,2008,5.47,0.0,1.78,4.05,2.27,0.0,0.0,0.0,1.42,0.0,9.52,8.1,1.42
Armenia,2009,5.37,0.0,2.0,4.29,2.29,0.0,0.0,0.0,1.08,0.0,9.66,8.58,1.08
Armenia,2010,6.18,0.0,2.53,4.83,2.29,0.0,0.01,0.0,1.35,0.0,11.009999999999998,9.659999999999998,1.35
Armenia,2011,7.07,0.0,2.46,4.82,2.36,0.0,0.0,0.0,2.25,0.0,11.89,9.64,2.25
Armenia,2012,7.61,0.0,2.3,4.42,2.12,0.0,0.0,0.0,3.19,0.0,12.03,8.84,3.19
Armenia,2013,7.3,0.0,2.15,4.32,2.17,0.0,0.0,0.0,2.98,0.0,11.620000000000001,8.64,2.98
Armenia,2014,7.33,0.0,1.97,4.24,2.27,0.0,0.0,0.0,3.09,0.0,11.57,8.48,3.09
Armenia,2015,7.38,0.0,2.18,4.75,2.57,0.0,0.0,0.0,2.63,0.0,12.129999999999999,9.5,2.63
Armenia,2016,6.95,0.0,2.33,4.52,2.19,0.0,0.0,0.0,2.43,0.0,11.469999999999999,9.04,2.43
Armenia,2017,7.36,0.0,2.25,4.66,2.41,0.0,0.0,0.0,2.7,0.0,12.02,9.32,2.7
Armenia,2018,7.38,0.0,2.29,4.21,1.9,0.02,0.0,0.0,3.17,0.0,11.59,8.42,3.17
Armenia,2019,7.3,0.0,2.35,4.44,2.03,0.06,0.0,0.0,2.86,0.0,11.74,8.88,2.86
Armenia,2020,7.45,0.0,1.78,4.47,2.55,0.14,0.0,0.0,2.98,0.0,11.920000000000002,8.940000000000001,2.98
Armenia,2021,7.32,0.0,2.2,4.14,1.85,0.09,0.0,0.0,3.18,0.0,11.459999999999999,8.28,3.18
Austria,2000,59.85,1.53,41.84,43.44,0.0,0.0,0.07,5.72,7.85,2.84,103.28999999999999,86.88,16.41
Austria,2001,61.06,1.67,40.46,42.24,0.0,0.01,0.1,6.89,8.75,3.18,103.30000000000001,84.48,18.82
Austria,2002,60.69,1.52,40.23,41.9,0.0,0.01,0.14,6.61,9.31,2.87,102.59000000000002,83.80000000000001,18.790000000000003
Austria,2003,58.06,1.65,33.21,35.24,0.0,0.01,0.37,8.44,11.16,3.22,93.3,70.48,22.82
Austria,2004,61.93,1.91,36.76,39.62,0.0,0.02,0.93,7.91,10.95,3.45,101.55,79.24,22.31
Austria,2005,64.49,2.43,37.1,40.88,0.0,0.02,1.33,7.17,13.03,3.41,105.36999999999999,81.75999999999999,23.61
Austria,2006,62.28,3.23,35.66,40.66,0.0,0.02,1.75,7.37,10.67,3.58,102.93999999999998,81.31999999999998,21.619999999999997
Austria,2007,62.91,4.06,37.05,43.17,0.0,0.02,2.04,6.6,9.9,3.24,106.08,86.34,19.740000000000002
Austria,2008,64.5,4.16,38.33,44.53,0.0,0.03,2.01,5.53,11.18,3.26,109.03000000000002,89.06,19.97
Austria,2009,66.3,4.28,40.9,47.18,0.0,0.05,1.95,3.76,12.34,3.02,113.48,94.36,19.12
Austria,2010,67.91,4.48,38.36,44.99,0.0,0.09,2.06,4.92,14.35,3.65,112.90000000000002,89.98000000000002,22.919999999999998
Austria,2011,62.26,4.56,34.24,40.91,0.0,0.17,1.94,5.43,12.44,3.48,103.17,81.82000000000001,21.349999999999998
Austria,2012,68.7,4.68,43.85,51.33,0.0,0.34,2.46,4.39,9.71,3.27,120.02999999999999,102.66,17.37
Austria,2013,64.59,4.7,42.02,50.5,0.0,0.63,3.15,4.21,6.65,3.23,115.09,101.0,14.09
Austria,2014,61.62,4.55,41.01,50.2,0.0,0.79,3.85,2.94,5.32,3.16,111.82,100.39999999999999,11.42
Austria,2015,61.85,4.65,37.16,47.59,0.0,0.94,4.84,2.95,7.66,3.65,109.44000000000001,95.18,14.26
Austria,2016,65.25,4.78,39.97,51.08,0.0,1.1,5.23,2.04,8.49,3.64,116.33,102.16,14.170000000000002
Austria,2017,67.42,4.92,38.29,51.05,0.0,1.27,6.57,1.76,10.91,3.7,118.47,102.1,16.37
Austria,2018,65.04,4.93,37.64,50.06,0.0,1.46,6.03,1.81,9.92,3.25,115.1,100.11999999999999,14.98
Austria,2019,70.86,4.66,40.83,54.64,0.0,1.7,7.45,1.5,11.32,3.4,125.5,109.28,16.22
Austria,2020,69.19,4.59,42.0,55.42,0.0,2.04,6.79,0.56,9.95,3.26,124.61000000000003,110.84000000000002,13.77
Austria,2021,66.95,4.48,38.75,52.75,0.0,2.78,6.74,0.14,10.62,3.44,119.7,105.5,14.2
Belarus,2000,24.54,0.0,0.03,0.03,0.0,0.0,0.0,0.0,24.51,0.0,24.57,0.06,24.51
Belarus,2001,23.56,0.0,0.03,0.03,0.0,0.0,0.0,0.0,23.53,0.0,23.59,0.06,23.53
Belarus,2002,24.87,0.0,0.03,0.03,0.0,0.0,0.0,0.0,24.84,0.0,24.9,0.06,24.84
Belarus,2003,25.03,0.0,0.03,0.03,0.0,0.0,0.0,0.0,25.0,0.0,25.06,0.06,25.0
Belarus,2004,29.34,0.0,0.03,0.03,0.0,0.0,0.0,0.0,29.31,0.0,29.369999999999997,0.06,29.31
Belarus,2005,29.11,0.0,0.04,0.04,0.0,0.0,0.0,0.0,29.07,0.0,29.15,0.08,29.07
Belarus,2006,29.85,0.02,0.04,0.06,0.0,0.0,0.0,0.0,29.79,0.0,29.91,0.12,29.79
Belarus,2007,29.88,0.03,0.04,0.07,0.0,0.0,0.0,0.0,29.81,0.0,29.95,0.14,29.81
Belarus,2008,32.9,0.07,0.04,0.11,0.0,0.0,0.0,0.0,32.79,0.0,33.01,0.22000000000000003,32.79
Belarus,2009,28.48,0.06,0.04,0.1,0.0,0.0,0.0,0.0,28.38,0.0,28.58,0.2,28.38
Belarus,2010,32.8,0.07,0.05,0.12,0.0,0.0,0.0,0.0,32.68,0.0,32.92,0.24,32.68
Belarus,2011,30.24,0.08,0.04,0.12,0.0,0.0,0.0,0.0,30.12,0.0,30.36,0.24,30.12
Belarus,2012,28.94,0.08,0.07,0.16,0.0,0.0,0.01,0.0,28.78,0.0,29.1,0.32000000000000006,28.78
Belarus,2013,29.6,0.14,0.14,0.29,0.0,0.0,0.01,0.0,29.31,0.0,29.89,0.5800000000000001,29.31
Belarus,2014,32.63,0.14,0.12,0.27,0.0,0.0,0.01,0.0,32.36,0.0,32.9,0.54,32.36
Belarus,2015,32.02,0.14,0.11,0.29,0.0,0.01,0.03,0.0,31.73,0.0,32.31,0.5800000000000001,31.73
Belarus,2016,31.55,0.15,0.14,0.4,0.0,0.03,0.08,0.0,31.15,0.0,31.95,0.8,31.15
Belarus,2017,32.46,0.16,0.4,0.75,0.0,0.09,0.1,0.0,31.71,0.0,33.21,1.5000000000000002,31.71
Belarus,2018,36.66,0.21,0.32,0.81,0.0,0.18,0.1,0.0,35.85,0.0,37.47,1.62,35.85
Belarus,2019,37.68,0.24,0.34,0.94,0.0,0.18,0.18,0.0,36.74,0.0,38.620000000000005,1.88,36.74
Belarus,2020,36.2,0.51,0.39,1.61,0.34,0.18,0.19,0.0,34.59,0.0,37.81,3.22,34.59
Belarus,2021,43.86,0.54,0.39,7.08,5.78,0.18,0.19,0.0,36.78,0.0,50.94,14.159999999999998,36.78
Belgium,2000,82.79,0.57,0.46,49.21,48.16,0.0,0.02,12.92,15.98,4.68,132.0,98.42,33.58
Belgium,2001,78.63,0.6,0.44,47.43,46.35,0.0,0.04,9.94,15.78,5.48,126.06,94.86,31.2
Belgium,2002,80.94,0.72,0.36,48.5,47.36,0.0,0.06,10.03,17.87,4.54,129.44,97.0,32.44
Belgium,2003,83.57,0.86,0.25,48.58,47.38,0.0,0.09,9.64,21.61,3.74,132.15,97.16,34.99
Belgium,2004,82.92,1.04,0.32,48.81,47.31,0.0,0.14,9.15,20.04,4.92,131.73,97.62,34.11
Belgium,2005,84.1,1.59,0.29,49.71,47.6,0.0,0.23,8.2,21.5,4.69,133.81,99.42,34.39
Belgium,2006,83.07,2.23,0.36,49.61,46.65,0.0,0.37,6.85,21.99,4.62,132.68,99.22,33.459999999999994
Belgium,2007,86.56,2.6,0.39,51.72,48.23,0.01,0.49,6.47,24.66,3.71,138.28,103.44,34.839999999999996
Belgium,2008,82.81,3.33,0.41,49.99,45.57,0.04,0.64,5.55,24.11,3.16,132.8,99.98000000000002,32.82
Belgium,2009,89.67,3.95,0.33,52.67,47.22,0.17,1.0,5.18,29.25,2.57,142.34,105.34,37.0
Belgium,2010,92.87,4.38,0.31,54.48,47.94,0.56,1.29,4.2,30.84,3.35,147.35,108.96,38.39
Belgium,2011,89.05,4.63,0.2,56.54,48.23,1.17,2.31,3.48,25.44,3.59,145.59,113.08,32.510000000000005
Belgium,2012,81.42,5.24,0.36,50.8,40.29,2.15,2.76,3.39,23.57,3.66,132.22,101.60000000000001,30.62
Belgium,2013,81.72,5.03,0.38,54.35,42.64,2.64,3.66,3.01,20.8,3.56,136.07000000000002,108.7,27.37
Belgium,2014,70.94,4.41,0.29,45.91,33.7,2.89,4.62,2.09,19.34,3.6,116.85000000000001,91.82000000000001,25.03
Belgium,2015,68.12,5.5,0.32,40.55,26.1,3.06,5.57,2.07,22.02,3.48,108.66999999999999,81.1,27.57
Belgium,2016,83.96,5.36,0.37,57.77,43.52,3.1,5.42,0.39,22.08,3.72,141.73,115.54,26.189999999999998
Belgium,2017,84.93,5.7,0.27,58.03,42.23,3.31,6.52,0.09,23.02,3.79,142.95999999999998,116.05999999999999,26.9
Belgium,2018,73.52,5.41,0.29,45.77,28.6,3.9,7.57,0.09,23.99,3.67,119.29000000000002,91.54000000000002,27.75
Belgium,2019,92.31,5.16,0.3,62.99,43.52,4.25,9.76,0.09,25.54,3.69,155.3,125.98,29.32
Belgium,2020,87.89,5.26,0.27,57.89,34.43,5.11,12.82,0.08,26.78,3.14,145.77999999999997,115.78,30.0
Belgium,2021,99.03,4.69,0.42,73.06,50.33,5.62,12.0,0.04,22.52,3.41,172.09,146.12,25.97
Bulgaria,2000,40.6,0.0,2.63,20.81,18.18,0.0,0.0,16.94,1.91,0.94,61.41,41.62,19.790000000000003
Bulgaria,2001,43.45,0.0,1.65,21.2,19.55,0.0,0.0,19.5,1.91,0.84,64.64999999999999,42.4,22.25
Bulgaria,2002,42.09,0.0,2.12,22.34,20.22,0.0,0.0,17.18,1.54,1.03,64.42999999999999,44.68,19.75
Bulgaria,2003,42.29,0.0,2.99,20.27,17.28,0.0,0.0,19.24,1.76,1.02,62.56,40.54,22.02
Bulgaria,2004,41.4,0.0,3.14,19.96,16.82,0.0,0.0,18.9,1.49,1.05,61.36,39.92,21.439999999999998
Bulgaria,2005,43.93,0.0,4.3,22.95,18.65,0.0,0.0,18.46,1.73,0.79,66.88000000000001,45.9,20.98
Bulgaria,2006,45.48,0.0,4.21,23.72,19.49,0.0,0.02,19.09,2.16,0.51,69.2,47.440000000000005,21.76
Bulgaria,2007,42.9,0.0,2.83,17.52,14.64,0.0,0.05,22.37,2.34,0.67,60.42,35.04,25.380000000000003
Bulgaria,2008,44.56,0.02,2.79,18.7,15.77,0.0,0.12,23.18,2.36,0.32,63.26,37.4,25.86
Bulgaria,2009,42.33,0.01,3.43,18.94,15.26,0.0,0.24,21.1,1.96,0.33,61.27,37.88,23.39
Bulgaria,2010,45.98,0.04,5.03,21.01,15.25,0.01,0.68,22.61,1.97,0.39,66.99,42.019999999999996,24.97
Bulgaria,2011,49.95,0.06,2.87,20.2,16.31,0.1,0.86,27.53,2.08,0.14,70.15,40.4,29.75
Bulgaria,2012,46.48,0.07,3.18,21.03,15.78,0.78,1.22,22.87,2.36,0.22,67.51,42.06,25.45
Bulgaria,2013,43.04,0.11,4.04,21.08,14.17,1.39,1.37,19.39,2.34,0.23,64.12,42.16,21.96
Bulgaria,2014,46.92,0.2,4.6,23.26,15.87,1.26,1.33,21.31,2.14,0.21,70.17999999999999,46.519999999999996,23.66
Bulgaria,2015,48.7,0.27,5.65,24.13,15.38,1.38,1.45,22.53,1.86,0.18,72.83000000000001,48.260000000000005,24.57
Bulgaria,2016,44.56,0.35,3.88,22.82,15.78,1.39,1.42,19.37,2.05,0.32,67.38,45.64,21.740000000000002
Bulgaria,2017,44.93,0.4,2.83,21.68,15.55,1.4,1.5,20.92,1.93,0.4,66.61000000000001,43.36,23.25
Bulgaria,2018,46.54,1.57,5.15,25.51,16.13,1.34,1.32,18.66,2.02,0.35,72.05,51.02,21.03
Bulgaria,2019,43.8,1.82,2.93,24.05,16.56,1.42,1.32,17.2,2.15,0.4,67.85000000000001,48.1,19.749999999999996
Bulgaria,2020,40.22,1.7,2.82,24.1,16.63,1.47,1.48,13.51,2.29,0.32,64.32,48.199999999999996,16.12
Bulgaria,2021,47.3,2.59,4.82,26.8,16.49,1.47,1.43,17.09,3.05,0.36,74.1,53.6,20.5
Croatia,2000,11.26,0.0,6.45,6.45,0.0,0.0,0.0,1.55,1.57,1.69,17.71,12.9,4.8100000000000005
Croatia,2001,12.77,0.0,7.18,7.18,0.0,0.0,0.0,1.64,1.83,2.12,19.95,14.36,5.59
Croatia,2002,12.71,0.0,5.85,5.85,0.0,0.0,0.0,2.11,2.53,2.22,18.56,11.7,6.859999999999999
Croatia,2003,13.19,0.0,5.46,5.46,0.0,0.0,0.0,2.4,2.06,3.27,18.650000000000002,10.92,7.73
Croatia,2004,13.89,0.0,7.63,7.63,0.0,0.0,0.0,2.14,2.46,1.66,21.52,15.26,6.26
Croatia,2005,13.06,0.01,7.04,7.06,0.0,0.0,0.01,2.33,1.82,1.85,20.12,14.12,6.0
Croatia,2006,12.92,0.01,6.62,6.65,0.0,0.0,0.02,2.25,2.06,1.96,19.57,13.3,6.2700000000000005
Croatia,2007,12.54,0.01,4.7,4.74,0.0,0.0,0.03,2.42,3.07,2.31,17.279999999999998,9.479999999999999,7.800000000000001
Croatia,2008,12.78,0.02,5.78,5.84,0.0,0.0,0.04,2.49,2.46,1.99,18.619999999999997,11.68,6.94
Croatia,2009,13.35,0.02,7.41,7.48,0.0,0.0,0.05,1.65,2.21,2.01,20.83,14.96,5.869999999999999
Croatia,2010,14.79,0.03,9.13,9.3,0.0,0.0,0.14,2.38,2.55,0.56,24.09,18.6,5.49
Croatia,2011,11.23,0.05,5.03,5.28,0.0,0.0,0.2,2.58,2.62,0.75,16.509999999999998,10.559999999999999,5.95
Croatia,2012,10.59,0.09,4.84,5.26,0.0,0.0,0.33,2.24,2.51,0.58,15.85,10.52,5.33
Croatia,2013,13.95,0.13,8.62,9.28,0.0,0.01,0.52,2.42,2.02,0.23,23.230000000000004,18.560000000000002,4.67
Croatia,2014,13.44,0.16,9.01,9.94,0.0,0.04,0.73,2.37,1.0,0.13,23.38,19.88,3.5
Croatia,2015,11.25,0.27,6.39,7.52,0.0,0.06,0.8,2.31,1.2,0.22,18.77,15.040000000000001,3.73
Croatia,2016,12.62,0.43,6.85,8.36,0.0,0.07,1.01,2.6,1.59,0.07,20.98,16.72,4.260000000000001
Croatia,2017,11.79,0.53,5.31,7.12,0.0,0.08,1.2,1.37,3.09,0.21,18.91,14.24,4.67
Croatia,2018,13.55,0.67,7.7,9.78,0.0,0.07,1.34,1.45,2.25,0.07,23.33,19.56,3.77
Croatia,2019,12.66,0.88,5.83,8.35,0.0,0.08,1.47,1.64,2.63,0.04,20.919999999999998,16.61,4.31
Croatia,2020,13.24,0.98,5.66,8.55,0.0,0.1,1.72,1.22,3.44,0.03,21.700000000000003,17.01,4.69
Croatia,2021,15.12,1.1,7.13,10.53,0.0,0.15,2.06,1.46,3.1,0.03,25.56,20.969999999999995,4.590000000000001
Cyprus,2000,3.37,0.0,0.0,0.0,0.0,0.0,0.0,0.0,0.0,3.37,3.37,0.0,3.37
Cyprus,2001,3.55,0.0,0.0,0.0,0.0,0.0,0.0,0.0,0.0,3.55,3.55,0.0,3.55
Cyprus,2002,3.79,0.0,0.0,0.0,0.0,0.0,0.0,0.0,0.0,3.79,3.79,0.0,3.79
Cyprus,2003,4.05,0.0,0.0,0.0,0.0,0.0,0.0,0.0,0.0,4.05,4.05,0.0,4.05
Cyprus,2004,4.2,0.0,0.0,0.0,0.0,0.0,0.0,0.0,0.0,4.2,4.2,0.0,4.2
Cyprus,2005,4.38,0.0,0.0,0.0,0.0,0.0,0.0,0.0,0.0,4.38,4.38,0.0,4.38
Cyprus,2006,4.65,0.0,0.0,0.0,0.0,0.0,0.0,0.0,0.0,4.65,4.65,0.0,4.65
Cyprus,2007,4.87,0.0,0.0,0.0,0.0,0.0,0.0,0.0,0.0,4.87,4.87,0.0,4.87
Cyprus,2008,5.07,0.01,0.0,0.01,0.0,0.0,0.0,0.0,0.0,5.06,5.079999999999999,0.02,5.06
Cyprus,2009,5.21,0.03,0.0,0.03,0.0,0.0,0.0,0.0,0.0,5.18,5.239999999999999,0.06,5.18
Cyprus,2010,5.33,0.04,0.0,0.08,0.0,0.01,0.03,0.0,0.0,5.25,5.41,0.16,5.25
Cyprus,2011,4.92,0.05,0.0,0.17,0.0,0.01,0.11,0.0,0.0,4.75,5.09,0.34,4.75
Cyprus,2012,4.72,0.05,0.0,0.26,0.0,0.02,0.19,0.0,0.0,4.46,4.98,0.52,4.46
Cyprus,2013,4.29,0.05,0.0,0.33,0.0,0.05,0.23,0.0,0.0,3.96,4.62,0.66,3.96
Cyprus,2014,4.34,0.05,0.0,0.31,0.0,0.08,0.18,0.0,0.0,4.03,4.65,0.62,4.03
Cyprus,2015,4.54,0.05,0.0,0.4,0.0,0.13,0.22,0.0,0.0,4.14,4.9399999999999995,0.8,4.14
Cyprus,2016,4.89,0.05,0.0,0.43,0.0,0.15,0.23,0.0,0.0,4.46,5.32,0.86,4.46
Cyprus,2017,5.0,0.05,0.0,0.43,0.0,0.17,0.21,0.0,0.0,4.57,5.430000000000001,0.86,4.57
Cyprus,2018,5.06,0.06,0.0,0.48,0.0,0.2,0.22,0.0,0.0,4.58,5.54,0.96,4.58
Cyprus,2019,5.15,0.06,0.0,0.52,0.0,0.22,0.24,0.0,0.0,4.63,5.67,1.04,4.63
Cyprus,2020,4.85,0.06,0.0,0.6,0.0,0.3,0.24,0.0,0.0,4.25,5.45,1.2,4.25
Cyprus,2021,5.12,0.06,0.0,0.78,0.0,0.47,0.25,0.0,0.0,4.34,5.9,1.56,4.34
Denmark,2000,36.0,1.3,0.03,5.57,0.0,0.0,4.24,16.67,8.77,4.99,41.57,11.14,30.43
Denmark,2001,37.72,1.51,0.03,5.85,0.0,0.0,4.31,17.82,9.27,4.78,43.57,11.7,31.87
Denmark,2002,39.28,1.88,0.03,6.79,0.0,0.0,4.88,18.26,9.59,4.64,46.07,13.579999999999998,32.49
Denmark,2003,46.16,2.49,0.02,8.07,0.0,0.0,5.56,25.31,9.76,3.02,54.230000000000004,16.14,38.09
Denmark,2004,40.42,2.91,0.03,9.52,0.0,0.0,6.58,18.67,9.94,2.29,49.94,19.04,30.9
Denmark,2005,36.23,3.17,0.02,9.8,0.0,0.0,6.61,15.46,8.78,2.19,46.03,19.6,26.430000000000003
Denmark,2006,45.61,3.07,0.02,9.2,0.0,0.0,6.11,24.57,9.4,2.44,54.809999999999995,18.4,36.41
Denmark,2007,39.31,3.1,0.03,10.3,0.0,0.0,7.17,19.89,7.04,2.08,49.61,20.6,29.009999999999998
Denmark,2008,36.62,3.14,0.03,10.1,0.0,0.0,6.93,17.46,7.08,1.98,46.71999999999999,20.2,26.52
Denmark,2009,36.38,3.32,0.02,10.06,0.0,0.0,6.72,17.69,6.67,1.96,46.440000000000005,20.12,26.32
Denmark,2010,38.87,4.59,0.02,12.43,0.0,0.01,7.81,17.01,7.91,1.52,51.300000000000004,24.86,26.44
Denmark,2011,35.22,4.37,0.02,14.17,0.0,0.01,9.77,13.98,5.84,1.23,49.38999999999999,28.34,21.05
Denmark,2012,30.7,4.45,0.02,14.84,0.0,0.1,10.27,10.54,4.19,1.13,45.54,29.68,15.86
Denmark,2013,34.74,4.31,0.01,15.96,0.0,0.52,11.12,14.29,3.42,1.07,50.7,31.92,18.78
Denmark,2014,32.19,4.29,0.02,17.99,0.0,0.6,13.08,11.06,2.1,1.04,50.18,35.98,14.2
Denmark,2015,28.93,4.18,0.02,18.93,0.0,0.6,14.13,7.11,1.82,1.07,47.86,37.86,10.0
Denmark,2016,30.55,4.85,0.02,18.39,0.0,0.74,12.78,8.87,2.26,1.03,48.93999999999999,36.779999999999994,12.159999999999998
Denmark,2017,31.03,6.25,0.02,21.8,0.0,0.75,14.78,6.21,2.02,1.0,52.830000000000005,43.6,9.23
Denmark,2018,30.36,5.89,0.01,20.75,0.0,0.95,13.9,6.57,2.07,0.97,51.11,41.5,9.610000000000001
Denmark,2019,29.51,5.94,0.02,23.07,0.0,0.96,16.15,3.31,2.1,1.03,52.580000000000005,46.14,6.44
Denmark,2020,28.73,5.92,0.02,23.45,0.0,1.18,16.33,3.06,1.18,1.04,52.18,46.9,5.28
Denmark,2021,33.06,8.72,0.02,26.1,0.0,1.31,16.05,4.37,1.54,1.05,59.16,52.2,6.96
Estonia,2000,8.51,0.01,0.0,0.01,0.0,0.0,0.0,0.0,0.6,7.9,8.52,0.02,8.5
Estonia,2001,8.49,0.01,0.01,0.02,0.0,0.0,0.0,0.0,0.6,7.87,8.51,0.04,8.47
Estonia,2002,8.53,0.02,0.01,0.03,0.0,0.0,0.0,0.0,0.53,7.97,8.56,0.06,8.5
Estonia,2003,10.16,0.03,0.01,0.05,0.0,0.0,0.01,0.0,0.5,9.61,10.209999999999999,0.09999999999999999,10.11
Estonia,2004,10.31,0.03,0.02,0.06,0.0,0.0,0.01,0.0,0.49,9.76,10.37,0.12,10.25
Estonia,2005,10.2,0.04,0.02,0.11,0.0,0.0,0.05,0.0,0.54,9.55,10.31,0.21999999999999997,10.09
Estonia,2006,9.73,0.04,0.01,0.13,0.0,0.0,0.08,0.0,0.54,9.06,9.860000000000001,0.26,9.600000000000001
Estonia,2007,12.18,0.03,0.02,0.14,0.0,0.0,0.09,0.0,0.34,11.7,12.32,0.28,12.04
Estonia,2008,10.58,0.04,0.03,0.2,0.0,0.0,0.13,0.0,0.42,9.96,10.780000000000001,0.4,10.38
Estonia,2009,8.78,0.31,0.03,0.54,0.0,0.0,0.2,0.0,0.11,8.13,9.32,1.08,8.24
Estonia,2010,12.97,0.74,0.03,1.05,0.0,0.0,0.28,0.0,0.3,11.62,14.02,2.1,11.92
Estonia,2011,12.89,0.78,0.03,1.18,0.0,0.0,0.37,0.0,0.25,11.46,14.07,2.36,11.71
Estonia,2012,11.96,1.0,0.04,1.47,0.0,0.0,0.43,0.0,0.13,10.36,13.43,2.94,10.49
Estonia,2013,13.28,0.67,0.03,1.23,0.0,0.0,0.53,0.01,0.09,11.95,14.509999999999998,2.46,12.049999999999999
Estonia,2014,12.45,0.76,0.03,1.39,0.0,0.0,0.6,0.01,0.07,10.98,13.84,2.78,11.06
Estonia,2015,10.15,0.82,0.03,1.56,0.0,0.0,0.71,0.0,0.06,8.53,11.709999999999999,3.12,8.59
Estonia,2016,12.17,0.95,0.04,1.59,0.0,0.01,0.59,0.0,0.07,10.51,13.76,3.1799999999999997,10.58
Estonia,2017,13.16,1.1,0.03,1.86,0.0,0.01,0.72,0.02,0.06,11.22,15.02,3.7199999999999998,11.3
Estonia,2018,12.37,1.31,0.01,1.99,0.0,0.03,0.64,0.0,0.06,10.32,14.36,3.98,10.38
Estonia,2019,7.61,1.36,0.02,2.14,0.0,0.07,0.69,0.0,0.04,5.43,9.75,4.28,5.47
Estonia,2020,6.08,1.85,0.03,2.97,0.0,0.25,0.84,0.0,0.03,3.08,9.05,5.94,3.11
Estonia,2021,7.19,1.77,0.02,2.87,0.0,0.35,0.73,0.0,0.04,4.28,10.06,5.74,4.32
Finland,2000,69.79,8.64,14.66,45.86,22.48,0.0,0.08,8.49,10.13,5.31,115.64999999999999,91.72,23.93
Finland,2001,74.29,8.27,13.2,44.31,22.77,0.0,0.07,10.61,11.69,7.68,118.6,88.61999999999999,29.979999999999997
Finland,2002,74.73,8.99,10.78,42.13,22.3,0.0,0.06,12.71,11.63,8.26,116.86,84.26,32.6
Finland,2003,84.08,9.38,9.59,41.79,22.73,0.0,0.09,19.25,13.85,9.19,125.86999999999999,83.58,42.29
Finland,2004,85.6,10.44,15.07,48.35,22.72,0.0,0.12,16.5,12.75,8.0,133.95,96.7,37.25
Finland,2005,70.33,9.51,13.78,46.73,23.27,0.0,0.17,6.5,11.23,5.87,117.06,93.46,23.6
Finland,2006,82.05,10.81,11.49,45.37,22.91,0.0,0.16,16.33,12.32,8.03,127.41999999999999,90.74,36.68
Finland,2007,80.92,9.95,14.18,47.74,23.42,0.0,0.19,13.89,10.56,8.73,128.66,95.48,33.18000000000001
Finland,2008,76.98,10.4,17.11,50.73,22.96,0.0,0.26,8.5,11.03,6.72,127.71,101.46,26.25
Finland,2009,71.78,8.73,12.69,45.23,23.53,0.0,0.28,11.13,9.82,5.6,117.00999999999999,90.46000000000001,26.550000000000004
Finland,2010,80.34,10.97,12.92,46.98,22.8,0.0,0.29,14.54,11.26,7.56,127.32000000000001,93.96000000000001,33.36
Finland,2011,73.21,11.24,12.45,47.37,23.19,0.01,0.48,9.78,9.45,6.61,120.58000000000001,94.74000000000001,25.839999999999996
Finland,2012,70.09,11.2,16.86,51.55,22.99,0.01,0.49,7.1,6.73,4.71,121.63999999999999,103.1,18.54
Finland,2013,70.98,12.01,12.84,49.24,23.61,0.01,0.77,10.69,6.79,4.26,120.22000000000001,98.48,21.740000000000002
Finland,2014,67.81,11.76,13.4,49.86,23.58,0.01,1.11,7.92,5.52,4.51,117.67,99.72,17.95
Finland,2015,68.36,11.42,16.77,53.78,23.25,0.01,2.33,5.12,5.2,4.26,122.14000000000001,107.56,14.58
Finland,2016,68.48,11.52,15.8,53.61,23.2,0.02,3.07,6.97,3.74,4.16,122.08999999999999,107.22,14.870000000000001
Finland,2017,67.13,11.86,14.77,53.96,22.48,0.05,4.8,5.86,3.3,4.01,121.09,107.92,13.17
Finland,2018,69.98,12.91,13.3,54.93,22.79,0.09,5.84,5.79,4.2,5.06,124.91000000000003,109.86000000000001,15.05
Finland,2019,68.38,13.29,12.42,55.75,23.87,0.15,6.02,4.36,3.85,4.42,124.13000000000001,111.50000000000001,12.63
Finland,2020,69.04,11.57,15.88,59.22,23.29,0.22,8.26,2.44,3.99,3.39,128.26,118.44000000000001,9.82
Finland,2021,71.87,13.58,15.79,61.78,23.6,0.3,8.51,2.67,3.83,3.59,133.65,123.56,10.09
France,2000,533.6,2.48,64.78,482.99,415.16,0.01,0.05,27.0,11.51,12.1,1016.08,965.47,50.61
France,2001,543.65,2.85,72.62,497.17,421.08,0.01,0.13,20.48,15.15,10.85,1040.34,993.86,46.480000000000004
France,2002,552.12,3.04,58.88,499.45,436.76,0.01,0.27,23.66,18.37,10.64,1051.08,998.41,52.67
France,2003,559.92,3.23,57.35,502.54,441.07,0.01,0.39,26.26,19.37,11.75,1061.97,1004.59,57.38
France,2004,567.19,3.31,58.04,510.66,448.24,0.01,0.59,24.37,21.05,11.11,1077.3799999999999,1020.85,56.53
France,2005,569.86,3.39,50.14,506.51,451.53,0.01,0.96,27.51,23.07,12.77,1075.8899999999999,1012.54,63.349999999999994
France,2006,568.0,3.38,54.88,511.1,450.19,0.01,2.18,22.89,21.76,12.25,1078.6399999999999,1021.7399999999999,56.900000000000006
France,2007,562.21,3.75,55.99,504.03,439.73,0.02,4.07,24.45,21.99,11.74,1065.77,1007.59,58.18
France,2008,567.35,3.97,62.16,511.78,439.45,0.04,5.69,23.06,21.88,10.63,1078.66,1023.0899999999999,55.57
France,2009,529.21,4.13,55.49,477.89,409.74,0.17,7.91,21.67,20.5,9.15,1006.6499999999999,955.3299999999999,51.32
France,2010,562.83,4.44,61.2,505.2,428.52,0.62,9.94,23.36,23.76,10.51,1067.55,1009.9200000000001,57.63
France,2011,567.4,5.04,45.74,508.41,442.39,2.33,12.37,17.39,29.49,12.11,1075.27,1016.2800000000001,58.989999999999995
France,2012,567.08,5.3,59.83,510.66,425.41,4.43,15.18,21.46,22.75,12.21,1077.23,1020.81,56.42
France,2013,576.45,5.68,71.92,523.1,423.68,5.19,16.13,23.84,18.39,11.12,1099.0500000000002,1045.7000000000003,53.35
France,2014,566.19,5.99,63.77,530.51,436.48,6.39,17.32,11.26,13.16,11.26,1096.14,1060.46,35.68
France,2015,573.92,6.53,55.56,529.27,437.43,7.75,21.42,11.89,21.14,11.62,1102.6100000000001,1057.96,44.65
France,2016,558.65,7.52,60.84,502.2,403.2,8.66,21.38,10.23,34.97,11.25,1060.25,1003.8,56.45
France,2017,556.08,7.78,50.0,490.99,398.36,9.59,24.61,12.81,40.5,11.78,1046.4199999999998,981.33,65.09
France,2018,575.83,8.38,65.11,526.56,412.94,10.92,28.6,8.31,30.61,10.35,1101.7799999999997,1052.51,49.27
France,2019,565.72,8.64,56.91,512.22,399.01,12.33,34.72,3.64,39.31,10.55,1077.33,1023.83,53.5
France,2020,527.25,8.76,62.59,479.11,353.83,13.46,39.86,3.09,35.28,9.77,1005.75,957.61,48.14
France,2021,550.38,9.6,59.62,501.72,379.36,15.73,36.83,5.44,33.36,9.86,1051.52,1002.8600000000001,48.66
Georgia,2000,7.27,0.0,5.8,5.8,0.0,0.0,0.0,0.0,1.47,0.0,13.07,11.6,1.47
Georgia,2001,6.8,0.0,5.49,5.49,0.0,0.0,0.0,0.0,1.31,0.0,12.290000000000001,10.98,1.31
Georgia,2002,7.16,0.0,6.7,6.7,0.0,0.0,0.0,0.0,0.46,0.0,13.860000000000001,13.4,0.46
Georgia,2003,7.06,0.0,6.46,6.46,0.0,0.0,0.0,0.0,0.6,0.0,13.52,12.92,0.6
Georgia,2004,6.81,0.0,5.99,5.99,0.0,0.0,0.0,0.0,0.82,0.0,12.8,11.98,0.82
Georgia,2005,7.14,0.0,6.17,6.17,0.0,0.0,0.0,0.0,0.97,0.0,13.31,12.34,0.97
Georgia,2006,7.11,0.0,5.26,5.26,0.0,0.0,0.0,0.0,1.85,0.0,12.37,10.52,1.85
Georgia,2007,8.17,0.0,6.75,6.75,0.0,0.0,0.0,0.0,1.42,0.0,14.92,13.5,1.42
Georgia,2008,8.3,0.0,7.09,7.09,0.0,0.0,0.0,0.0,1.21,0.0,15.39,14.18,1.21
Georgia,2009,8.42,0.0,7.34,7.34,0.0,0.0,0.0,0.0,1.08,0.0,15.76,14.68,1.08
Georgia,2010,9.98,0.0,9.27,9.27,0.0,0.0,0.0,0.0,0.71,0.0,19.25,18.54,0.71
Georgia,2011,9.98,0.0,7.81,7.81,0.0,0.0,0.0,0.0,2.17,0.0,17.79,15.62,2.17
Georgia,2012,9.47,0.0,7.15,7.15,0.0,0.0,0.0,0.0,2.32,0.0,16.62,14.3,2.32
Georgia,2013,9.87,0.0,8.19,8.19,0.0,0.0,0.0,0.0,1.68,0.0,18.06,16.38,1.68
Georgia,2014,10.16,0.0,8.25,8.25,0.0,0.0,0.0,0.0,1.91,0.0,18.41,16.5,1.91
Georgia,2015,10.61,0.0,8.37,8.37,0.0,0.0,0.0,0.0,2.24,0.0,18.979999999999997,16.74,2.24
Georgia,2016,11.35,0.0,9.24,9.25,0.0,0.0,0.01,0.0,2.1,0.0,20.600000000000005,18.500000000000004,2.1
Georgia,2017,11.31,0.0,9.12,9.21,0.0,0.0,0.09,0.0,2.1,0.0,20.52,18.419999999999998,2.1
Georgia,2018,11.92,0.0,9.85,9.93,0.0,0.0,0.08,0.0,1.99,0.0,21.849999999999998,19.86,1.99
Georgia,2019,11.6,0.0,8.84,8.93,0.0,0.0,0.09,0.0,2.67,0.0,20.53,17.86,2.67
Georgia,2020,11.16,0.0,8.25,8.34,0.0,0.0,0.09,0.0,2.82,0.0,19.5,16.68,2.82
Georgia,2021,12.64,0.0,10.18,10.26,0.0,0.0,0.08,0.0,2.38,0.0,22.899999999999995,20.519999999999996,2.38
Germany,2000,572.3,4.33,21.73,205.08,169.61,0.06,9.35,296.68,52.49,18.05,777.38,410.16,367.22
Germany,2001,581.89,4.59,22.73,209.2,171.3,0.12,10.46,293.74,58.43,20.52,791.0899999999999,418.4,372.69
Germany,2002,581.96,5.31,23.12,209.32,164.84,0.19,15.86,299.6,54.51,18.53,791.28,418.64000000000004,372.64
Germany,2003,602.54,8.95,18.32,211.73,165.06,0.31,19.09,304.63,64.43,21.75,814.27,423.46,390.81
Germany,2004,610.28,10.64,20.75,225.04,167.07,0.56,26.02,298.77,64.57,21.9,835.3199999999998,450.08,385.23999999999995
Germany,2005,613.41,14.71,19.64,226.45,163.05,1.28,27.77,288.14,74.37,24.45,839.86,452.9,386.96
Germany,2006,629.81,18.94,20.03,239.78,167.27,2.22,31.32,288.93,77.18,23.92,869.59,479.56,390.03000000000003
Germany,2007,632.31,24.62,21.17,229.91,140.53,3.08,40.51,297.1,80.02,25.28,862.22,459.82,402.4
Germany,2008,633.2,28.02,20.44,242.77,148.49,4.42,41.38,275.21,90.7,24.52,875.95,485.52000000000004,390.42999999999995
Germany,2009,588.94,30.89,19.03,230.87,134.93,6.58,39.42,253.45,82.55,22.07,819.7900000000001,461.72,358.07
Germany,2010,624.64,33.92,20.95,245.74,140.56,11.73,38.55,262.89,90.67,25.34,870.35,491.45000000000005,378.9
Germany,2011,605.17,36.89,17.67,232.01,107.97,19.6,49.86,262.46,87.58,23.12,837.1600000000001,464.0,373.15999999999997
Germany,2012,620.39,43.2,21.75,242.5,99.46,26.38,51.68,276.23,78.0,23.66,862.86,484.96999999999997,377.89000000000004
Germany,2013,631.15,45.51,23.0,249.63,97.29,31.01,52.74,288.2,69.05,24.27,880.6999999999999,499.18,381.52
Germany,2014,619.95,48.29,19.59,259.67,97.13,36.06,58.5,274.41,62.6,23.27,879.5200000000001,519.24,360.28000000000003
Germany,2015,640.57,50.33,18.98,280.58,91.79,38.73,80.62,272.2,63.37,24.42,921.02,561.03,359.99
Germany,2016,642.97,50.93,20.55,274.3,84.63,38.1,79.92,261.75,82.62,24.3,917.1,548.4300000000001,368.67
Germany,2017,646.01,50.92,20.15,292.64,76.32,39.4,105.69,241.26,88.01,24.1,938.4899999999999,585.1199999999999,353.37
Germany,2018,632.72,50.79,17.69,298.07,76.0,43.46,109.95,228.16,83.59,22.9,930.61,595.96,334.65
Germany,2019,599.49,50.13,19.73,315.4,75.07,44.38,125.89,171.45,90.92,21.72,914.6899999999999,630.6,284.09000000000003
Germany,2020,567.26,50.93,18.72,315.86,64.38,49.5,132.1,134.6,96.38,20.42,882.89,631.49,251.39999999999998
Germany,2021,581.35,46.91,19.66,299.93,69.13,49.34,114.65,164.5,95.22,21.7,881.0400000000001,599.62,281.42
Greece,2000,53.42,0.0,3.69,4.14,0.0,0.0,0.45,34.31,5.92,9.05,57.56,8.28,49.28
Greece,2001,53.08,0.08,2.1,2.94,0.0,0.0,0.76,35.43,6.13,8.58,56.02,5.88,50.14
Greece,2002,53.95,0.13,2.8,3.58,0.0,0.0,0.65,34.57,7.06,8.74,57.53000000000001,7.16,50.370000000000005
Greece,2003,57.9,0.1,4.77,5.89,0.0,0.0,1.02,35.17,8.02,8.82,63.79,11.779999999999998,52.01
Greece,2004,58.8,0.12,4.67,5.91,0.0,0.0,1.12,35.38,8.99,8.52,64.71000000000001,11.82,52.89
Greece,2005,59.43,0.12,5.02,6.41,0.0,0.0,1.27,35.54,8.17,9.31,65.84,12.82,53.02
Greece,2006,60.17,0.11,5.86,7.67,0.0,0.0,1.7,32.26,10.61,9.63,67.83999999999999,15.34,52.5
Greece,2007,62.71,0.18,2.59,4.59,0.0,0.0,1.82,34.68,14.16,9.28,67.3,9.18,58.120000000000005
Greece,2008,62.92,0.19,3.31,5.75,0.0,0.01,2.24,33.36,13.8,10.01,68.67,11.5,57.169999999999995
Greece,2009,61.07,0.22,5.35,8.16,0.0,0.05,2.54,34.19,11.02,7.7,69.23,16.32,52.91
Greece,2010,57.38,0.19,7.47,10.53,0.0,0.16,2.71,30.8,9.85,6.2,67.91,21.06,46.85
Greece,2011,59.19,0.21,4.01,8.15,0.0,0.61,3.32,31.07,14.07,5.9,67.34,16.3,51.04
Greece,2012,60.75,0.2,4.39,10.13,0.0,1.69,3.85,31.11,13.48,6.03,70.88000000000001,20.26,50.620000000000005
Greece,2013,57.12,0.22,6.35,14.36,0.0,3.65,4.14,26.4,10.88,5.48,71.48,28.72,42.760000000000005
Greece,2014,50.35,0.22,4.48,12.18,0.0,3.79,3.69,25.75,6.79,5.63,62.53,24.36,38.17
Greece,2015,51.83,0.23,6.1,14.85,0.0,3.9,4.62,22.11,9.09,5.78,66.68,29.7,36.98
Greece,2016,54.41,0.27,5.54,14.89,0.0,3.93,5.15,18.88,14.97,5.67,69.3,29.78,39.52
Greece,2017,55.18,0.31,3.96,13.8,0.0,3.99,5.54,18.76,17.13,5.49,68.97999999999999,27.6,41.38
Greece,2018,53.25,0.31,5.74,16.14,0.0,3.79,6.3,17.19,14.09,5.83,69.39,32.28,37.11
Greece,2019,48.58,0.4,4.0,16.1,0.0,4.43,7.27,12.12,14.5,5.86,64.68,32.2,32.48
Greece,2020,48.16,0.45,3.34,17.55,0.0,4.45,9.31,6.61,19.23,4.77,65.71,35.1,30.61
Greece,2021,54.65,0.5,5.9,22.13,0.0,5.25,10.48,5.32,22.49,4.71,76.78,44.260000000000005,32.519999999999996
Hungary,2000,35.19,0.06,0.18,14.42,14.18,0.0,0.0,9.59,6.6,4.58,49.61,28.84,20.769999999999996
Hungary,2001,36.42,0.07,0.19,14.39,14.13,0.0,0.0,8.84,8.86,4.33,50.81,28.78,22.03
Hungary,2002,36.15,0.04,0.19,14.18,13.95,0.0,0.0,8.98,10.74,2.25,50.330000000000005,28.36,21.97
Hungary,2003,34.13,0.16,0.17,11.34,11.01,0.0,0.0,9.17,11.88,1.74,45.470000000000006,22.68,22.79
Hungary,2004,33.71,0.73,0.2,12.85,11.91,0.0,0.01,8.18,11.72,0.96,46.559999999999995,25.7,20.86
Hungary,2005,35.75,1.66,0.2,15.7,13.83,0.0,0.01,7.02,12.38,0.65,51.45,31.400000000000002,20.049999999999997
Hungary,2006,35.85,1.26,0.19,14.95,13.46,0.0,0.04,7.0,13.16,0.74,50.800000000000004,29.9,20.9
Hungary,2007,39.96,1.56,0.21,16.56,14.68,0.0,0.11,7.37,15.23,0.8,56.519999999999996,33.12,23.400000000000002
Hungary,2008,40.02,1.94,0.21,17.17,14.82,0.0,0.2,7.08,15.18,0.59,57.190000000000005,34.34,22.849999999999998
Hungary,2009,35.91,2.33,0.23,18.32,15.43,0.0,0.33,6.34,10.42,0.83,54.230000000000004,36.64,17.589999999999996
Hungary,2010,37.37,2.3,0.19,18.78,15.76,0.0,0.53,6.23,11.6,0.76,56.150000000000006,37.56,18.59
Hungary,2011,36.02,1.86,0.22,18.4,15.69,0.0,0.63,6.48,10.74,0.4,54.42,36.8,17.619999999999997
Hungary,2012,34.62,1.65,0.21,18.43,15.79,0.01,0.77,6.34,9.4,0.45,53.050000000000004,36.86,16.19
Hungary,2013,30.25,1.83,0.21,18.15,15.37,0.02,0.72,6.3,5.54,0.26,48.39999999999999,36.3,12.1
Hungary,2014,29.35,2.13,0.3,18.81,15.65,0.07,0.66,5.99,4.24,0.31,48.160000000000004,37.62,10.540000000000001
Hungary,2015,30.29,2.16,0.23,19.05,15.83,0.14,0.69,5.79,5.11,0.34,49.34,38.1,11.24
Hungary,2016,31.81,2.07,0.26,19.3,16.05,0.24,0.68,5.63,6.48,0.4,51.11000000000001,38.60000000000001,12.51
Hungary,2017,32.83,2.15,0.22,19.58,16.1,0.35,0.76,4.93,7.87,0.45,52.41,39.16,13.25
Hungary,2018,31.93,2.3,0.22,19.5,15.73,0.63,0.61,4.67,7.28,0.48,51.42,38.99,12.43
Hungary,2019,34.19,2.23,0.22,20.99,16.29,1.5,0.73,4.03,8.7,0.47,55.16,41.959999999999994,13.200000000000001
Hungary,2020,34.78,2.15,0.24,21.58,16.06,2.46,0.65,3.71,9.09,0.4,56.339999999999996,43.14,13.200000000000001
Hungary,2021,35.96,2.23,0.21,22.9,15.99,3.8,0.66,3.01,9.65,0.4,58.84999999999999,45.78999999999999,13.06
Iceland,2000,7.61,0.0,6.29,7.61,0.0,0.0,0.0,0.0,0.0,0.0,13.9,13.9,0.0
Iceland,2001,7.96,0.0,6.51,7.96,0.0,0.0,0.0,0.0,0.0,0.0,14.469999999999999,14.469999999999999,0.0
Iceland,2002,8.35,0.0,6.91,8.34,0.0,0.0,0.0,0.0,0.0,0.01,15.26,15.25,0.01
Iceland,2003,8.44,0.0,7.02,8.43,0.0,0.0,0.0,0.0,0.0,0.01,15.459999999999999,15.45,0.01
Iceland,2004,8.55,0.0,7.06,8.54,0.0,0.0,0.0,0.0,0.0,0.01,15.609999999999998,15.599999999999998,0.01
Iceland,2005,8.62,0.0,6.95,8.61,0.0,0.0,0.0,0.0,0.0,0.01,15.569999999999999,15.559999999999999,0.01
Iceland,2006,9.86,0.0,7.22,9.85,0.0,0.0,0.0,0.0,0.0,0.01,17.080000000000002,17.07,0.01
Iceland,2007,11.89,0.0,8.31,11.89,0.0,0.0,0.0,0.0,0.0,0.0,20.200000000000003,20.200000000000003,0.0
Iceland,2008,16.34,0.0,12.3,16.34,0.0,0.0,0.0,0.0,0.0,0.0,28.64,28.64,0.0
Iceland,2009,16.71,0.0,12.16,16.71,0.0,0.0,0.0,0.0,0.0,0.0,28.87,28.87,0.0
Iceland,2010,16.74,0.0,12.51,16.74,0.0,0.0,0.0,0.0,0.0,0.0,29.25,29.25,0.0
Iceland,2011,16.85,0.0,12.38,16.85,0.0,0.0,0.0,0.0,0.0,0.0,29.230000000000004,29.230000000000004,0.0
Iceland,2012,17.29,0.0,12.21,17.29,0.0,0.0,0.0,0.0,0.0,0.0,29.5,29.5,0.0
Iceland,2013,17.99,0.0,12.75,17.99,0.0,0.0,0.0,0.0,0.0,0.0,30.74,30.74,0.0
Iceland,2014,17.8,0.0,12.55,17.8,0.0,0.0,0.01,0.0,0.0,0.0,30.360000000000003,30.360000000000003,0.0
Iceland,2015,18.55,0.0,13.54,18.55,0.0,0.0,0.01,0.0,0.0,0.0,32.1,32.1,0.0
Iceland,2016,18.17,0.0,13.09,18.17,0.0,0.0,0.01,0.0,0.0,0.0,31.270000000000003,31.270000000000003,0.0
Iceland,2017,18.84,0.0,13.89,18.84,0.0,0.0,0.01,0.0,0.0,0.0,32.74,32.74,0.0
Iceland,2018,19.43,0.0,13.68,19.43,0.0,0.0,0.0,0.0,0.0,0.0,33.11,33.11,0.0
Iceland,2019,19.12,0.0,13.33,19.12,0.0,0.0,0.01,0.0,0.0,0.0,32.46,32.46,0.0
Iceland,2020,18.78,0.0,12.92,18.78,0.0,0.0,0.01,0.0,0.0,0.0,31.710000000000004,31.710000000000004,0.0
Iceland,2021,19.26,0.0,13.57,19.26,0.0,0.0,0.01,0.0,0.0,0.0,32.839999999999996,32.839999999999996,0.0
Ireland,2000,23.67,0.09,0.85,1.18,0.0,0.0,0.24,6.82,9.26,6.41,24.849999999999998,2.3600000000000003,22.49
Ireland,2001,24.64,0.1,0.6,1.03,0.0,0.0,0.33,7.06,9.15,7.4,25.67,2.06,23.61
Ireland,2002,24.84,0.08,0.91,1.38,0.0,0.0,0.39,6.82,10.83,5.81,26.22,2.7600000000000002,23.459999999999997
Ireland,2003,24.86,0.09,0.6,1.14,0.0,0.0,0.45,6.2,13.04,4.48,26.0,2.28,23.72
Ireland,2004,25.22,0.11,0.63,1.39,0.0,0.0,0.65,6.23,12.9,4.7,26.61,2.78,23.830000000000002
Ireland,2005,25.62,0.13,0.63,1.87,0.0,0.0,1.11,6.39,11.57,5.79,27.49,3.74,23.75
Ireland,2006,27.11,0.13,0.72,2.47,0.0,0.0,1.62,5.88,13.79,4.97,29.58,4.94,24.639999999999997
Ireland,2007,28.37,0.18,0.67,2.81,0.0,0.0,1.96,5.44,16.06,4.06,31.179999999999996,5.62,25.56
Ireland,2008,29.92,0.22,0.97,3.6,0.0,0.0,2.41,5.14,16.72,4.46,33.519999999999996,7.2,26.32
Ireland,2009,27.97,0.26,0.9,4.12,0.0,0.0,2.96,4.0,16.3,3.55,32.089999999999996,8.24,23.85
Ireland,2010,28.16,0.31,0.6,3.72,0.0,0.0,2.81,3.55,18.11,2.78,31.88,7.4399999999999995,24.44
Ireland,2011,27.16,0.34,0.71,5.43,0.0,0.0,4.38,3.94,15.43,2.36,32.589999999999996,10.86,21.73
Ireland,2012,27.13,0.44,0.8,5.25,0.0,0.0,4.01,5.02,14.14,2.72,32.38,10.5,21.88
Ireland,2013,25.57,0.49,0.6,5.63,0.0,0.0,4.54,4.28,13.13,2.53,31.200000000000003,11.26,19.94
Ireland,2014,25.81,0.54,0.71,6.39,0.0,0.0,5.14,3.96,12.64,2.82,32.199999999999996,12.78,19.42
Ireland,2015,28.1,0.48,0.81,7.86,0.0,0.0,6.57,4.87,12.37,3.0,35.96,15.72,20.24
Ireland,2016,30.23,0.68,0.68,7.52,0.0,0.01,6.15,4.7,15.33,2.68,37.75,15.04,22.71
Ireland,2017,30.66,0.74,0.69,8.88,0.0,0.01,7.44,3.64,15.68,2.46,39.54,17.76,21.78
Ireland,2018,30.9,0.85,0.69,10.2,0.0,0.02,8.64,2.15,16.02,2.53,41.099999999999994,20.4,20.7
Ireland,2019,30.72,0.85,0.89,11.8,0.0,0.04,10.02,0.51,15.91,2.5,42.52,23.6,18.92
Ireland,2020,31.97,0.92,0.93,13.46,0.0,0.06,11.55,0.67,16.24,1.6,45.43,26.92,18.51
Ireland,2021,31.6,1.0,0.75,11.62,0.0,0.09,9.78,2.72,15.16,2.1,43.22,23.24,19.98
Italy,2000,269.15,1.39,44.2,50.87,0.0,0.02,0.56,26.28,101.36,90.64,315.32,97.04,218.28
Italy,2001,271.08,1.83,46.81,54.35,0.0,0.02,1.18,31.73,104.19,80.81,320.92,104.19000000000001,216.73
Italy,2002,276.76,2.71,39.52,48.31,0.0,0.02,1.4,35.45,99.41,93.59,320.40999999999997,91.96000000000001,228.45000000000002
Italy,2003,285.38,3.37,36.67,46.86,0.0,0.02,1.46,38.81,117.3,82.41,326.9,88.38,238.52
Italy,2004,294.83,4.22,42.34,53.88,0.0,0.03,1.85,45.52,129.84,65.59,343.27,102.32,240.95000000000002
Italy,2005,295.72,4.67,36.07,48.43,0.0,0.03,2.34,43.61,149.33,54.35,338.83000000000004,91.54,247.29
Italy,2006,306.67,5.11,36.99,50.64,0.0,0.04,2.97,44.21,158.14,53.68,351.78000000000003,95.75000000000001,256.03
Italy,2007,307.21,5.26,32.82,47.72,0.0,0.04,4.03,44.11,172.71,42.67,349.36000000000007,89.87,259.49
Italy,2008,312.5,5.97,41.62,58.16,0.0,0.19,4.86,43.07,172.77,38.5,365.14,110.8,254.34
Italy,2009,287.58,7.56,49.14,69.26,0.0,0.68,6.54,39.74,147.36,31.22,351.5,133.18,218.32000000000002
Italy,2010,297.91,9.44,51.12,76.98,0.0,1.91,9.13,39.73,152.81,28.39,369.51,148.57999999999998,220.93
Italy,2011,299.74,10.83,45.82,82.96,0.0,10.8,9.86,44.73,144.6,27.45,377.04999999999995,160.26999999999998,216.77999999999997
Italy,2012,296.48,12.49,41.87,92.22,0.0,18.86,13.41,49.14,129.14,25.98,383.11,178.85,204.25999999999996
Italy,2013,287.07,17.08,52.77,112.0,0.0,21.59,14.9,45.1,108.91,21.06,393.41,218.34,175.07
Italy,2014,277.44,18.72,58.55,120.68,0.0,22.31,15.18,43.45,93.66,19.65,392.19999999999993,235.44,156.76000000000002
Italy,2015,280.95,19.39,45.54,108.89,0.0,22.94,14.84,43.2,110.88,17.98,383.66,211.6,172.05999999999997
Italy,2016,287.2,19.5,42.43,108.01,0.0,22.1,17.69,35.61,126.17,17.41,388.92,209.73,179.19
Italy,2017,293.33,19.37,36.2,103.89,0.0,24.38,17.74,32.63,140.36,16.45,391.02000000000004,201.58,189.44
Italy,2018,287.39,19.14,48.79,114.41,0.0,22.65,17.72,28.47,128.56,15.95,395.69,222.71,172.98
Italy,2019,291.35,19.55,46.32,115.83,0.0,23.69,20.2,18.84,141.7,14.98,401.11,225.58999999999997,175.51999999999998
Italy,2020,278.07,19.62,47.55,116.9,0.0,24.94,18.76,13.38,133.7,14.09,388.93999999999994,227.76999999999998,161.17
Italy,2021,286.39,19.06,45.39,116.33,0.0,25.04,20.93,14.02,144.01,12.03,396.80999999999995,226.75,170.06
Latvia,2000,4.14,0.0,2.82,2.82,0.0,0.0,0.0,0.0,1.13,0.19,6.96,5.64,1.3199999999999998
Latvia,2001,4.27,0.0,2.83,2.83,0.0,0.0,0.0,0.0,1.3,0.14,7.1,5.66,1.44
Latvia,2002,3.97,0.01,2.46,2.48,0.0,0.0,0.01,0.0,1.31,0.18,6.449999999999999,4.959999999999999,1.49
Latvia,2003,3.97,0.02,2.27,2.34,0.0,0.0,0.05,0.0,1.53,0.1,6.31,4.68,1.6300000000000001
Latvia,2004,4.69,0.04,3.11,3.2,0.0,0.0,0.05,0.0,1.43,0.06,7.889999999999999,6.3999999999999995,1.49
Latvia,2005,4.92,0.04,3.33,3.42,0.0,0.0,0.05,0.0,1.49,0.01,8.34,6.84,1.5
Latvia,2006,4.89,0.04,2.7,2.79,0.0,0.0,0.05,0.0,2.1,0.0,7.68,5.58,2.1
Latvia,2007,4.76,0.04,2.73,2.82,0.0,0.0,0.05,0.0,1.92,0.02,7.579999999999999,5.64,1.94
Latvia,2008,5.27,0.04,3.11,3.21,0.0,0.0,0.06,0.0,2.06,0.0,8.479999999999999,6.419999999999999,2.06
Latvia,2009,5.57,0.05,3.46,3.56,0.0,0.0,0.05,0.0,2.01,0.0,9.129999999999999,7.12,2.01
Latvia,2010,6.63,0.07,3.52,3.64,0.0,0.0,0.05,0.0,2.99,0.0,10.27,7.28,2.99
Latvia,2011,6.09,0.12,2.89,3.08,0.0,0.0,0.07,0.0,3.01,0.0,9.17,6.16,3.01
Latvia,2012,6.17,0.29,3.71,4.11,0.0,0.0,0.11,0.0,2.06,0.0,10.28,8.219999999999999,2.06
Latvia,2013,6.2,0.5,2.91,3.53,0.0,0.0,0.12,0.0,2.67,0.0,9.73,7.06,2.67
Latvia,2014,5.14,0.67,1.99,2.8,0.0,0.0,0.14,0.0,2.34,0.0,7.9399999999999995,5.6,2.34
Latvia,2015,5.54,0.77,1.86,2.78,0.0,0.0,0.15,0.0,2.76,0.0,8.32,5.5600000000000005,2.76
Latvia,2016,6.42,0.82,2.53,3.48,0.0,0.0,0.13,0.0,2.94,0.0,9.9,6.96,2.94
Latvia,2017,7.53,0.93,4.38,5.46,0.0,0.0,0.15,0.0,2.07,0.0,12.99,10.92,2.07
Latvia,2018,6.72,0.94,2.43,3.49,0.0,0.0,0.12,0.0,3.22,0.01,10.21,6.98,3.23
Latvia,2019,6.44,0.93,2.11,3.19,0.0,0.0,0.15,0.0,3.25,0.0,9.63,6.380000000000001,3.25
Latvia,2020,5.72,0.86,2.6,3.64,0.0,0.0,0.18,0.0,2.08,0.0,9.36,7.279999999999999,2.08
Latvia,2021,5.85,0.86,2.71,3.72,0.0,0.01,0.14,0.0,2.13,0.0,9.57,7.4399999999999995,2.13
Lithuania,2000,11.03,0.0,0.34,8.76,8.42,0.0,0.0,0.0,1.62,0.65,19.79,17.52,2.27
Lithuania,2001,14.29,0.0,0.33,11.69,11.36,0.0,0.0,0.0,1.88,0.72,25.979999999999997,23.38,2.5999999999999996
Lithuania,2002,17.15,0.0,0.35,14.49,14.14,0.0,0.0,0.0,2.11,0.55,31.64,28.98,2.66
Lithuania,2003,18.66,0.01,0.32,15.81,15.48,0.0,0.0,0.0,2.52,0.33,34.47,31.62,2.85
Lithuania,2004,18.58,0.01,0.42,15.53,15.1,0.0,0.0,0.0,2.69,0.36,34.11,31.06,3.05
Lithuania,2005,14.22,0.01,0.45,10.8,10.34,0.0,0.0,0.0,3.02,0.4,25.02,21.6,3.42
Lithuania,2006,11.87,0.02,0.4,9.08,8.65,0.0,0.01,0.0,2.46,0.33,20.95,18.16,2.79
Lithuania,2007,13.23,0.05,0.42,10.41,9.83,0.0,0.11,0.0,2.4,0.42,23.64,20.82,2.82
Lithuania,2008,13.09,0.07,0.4,10.49,9.89,0.0,0.13,0.0,2.03,0.57,23.580000000000002,20.98,2.5999999999999996
Lithuania,2009,14.37,0.1,0.42,11.53,10.85,0.0,0.16,0.0,2.1,0.74,25.9,23.06,2.84
Lithuania,2010,4.75,0.15,0.54,0.91,0.0,0.0,0.22,0.0,3.19,0.65,5.66,1.82,3.84
Lithuania,2011,3.99,0.16,0.48,1.11,0.0,0.0,0.47,0.0,2.67,0.21,5.1,2.2199999999999998,2.88
Lithuania,2012,4.3,0.22,0.42,1.18,0.0,0.0,0.54,0.0,2.88,0.24,5.48,2.36,3.12
Lithuania,2013,3.98,0.36,0.52,1.53,0.0,0.05,0.6,0.0,2.22,0.23,5.510000000000001,3.06,2.45
Lithuania,2014,3.46,0.4,0.4,1.51,0.0,0.07,0.64,0.0,1.75,0.2,4.97,3.02,1.95
Lithuania,2015,4.0,0.45,0.35,1.68,0.0,0.07,0.81,0.0,1.98,0.34,5.68,3.36,2.32
Lithuania,2016,3.41,0.44,0.45,2.1,0.0,0.07,1.14,0.0,0.99,0.32,5.510000000000001,4.2,1.31
Lithuania,2017,3.35,0.5,0.6,2.53,0.0,0.07,1.36,0.0,0.6,0.22,5.879999999999999,5.06,0.82
Lithuania,2018,2.75,0.54,0.43,2.2,0.0,0.09,1.14,0.0,0.33,0.22,4.949999999999999,4.3999999999999995,0.55
Lithuania,2019,3.14,0.53,0.35,2.47,0.0,0.09,1.5,0.0,0.52,0.15,5.609999999999999,4.9399999999999995,0.67
Lithuania,2020,4.53,0.59,0.3,2.57,0.0,0.13,1.55,0.0,1.7,0.26,7.1,5.14,1.96
Lithuania,2021,4.17,0.69,0.38,2.62,0.0,0.19,1.36,0.0,1.22,0.33,6.79,5.24,1.55
Luxembourg,2000,0.4,0.02,0.12,0.16,0.0,0.0,0.02,0.0,0.21,0.03,0.56,0.32,0.24
Luxembourg,2001,0.87,0.03,0.12,0.17,0.0,0.0,0.02,0.0,0.67,0.03,1.04,0.34,0.7000000000000001
Luxembourg,2002,2.8,0.03,0.1,0.15,0.0,0.0,0.02,0.0,2.62,0.03,2.9499999999999997,0.30000000000000004,2.65
Luxembourg,2003,2.79,0.03,0.08,0.14,0.0,0.0,0.03,0.0,2.62,0.03,2.93,0.28,2.65
Luxembourg,2004,3.37,0.04,0.1,0.19,0.0,0.01,0.04,0.0,3.15,0.03,3.5599999999999996,0.38,3.1799999999999997
Luxembourg,2005,3.35,0.05,0.09,0.21,0.0,0.02,0.05,0.0,3.11,0.03,3.5599999999999996,0.42,3.1399999999999997
Luxembourg,2006,3.54,0.06,0.11,0.25,0.0,0.02,0.06,0.0,3.25,0.04,3.79,0.5,3.29
Luxembourg,2007,3.19,0.06,0.12,0.26,0.0,0.02,0.06,0.0,2.89,0.04,3.45,0.52,2.93
Luxembourg,2008,2.72,0.07,0.13,0.28,0.0,0.02,0.06,0.0,2.4,0.04,3.0,0.56,2.44
Luxembourg,2009,3.15,0.08,0.11,0.27,0.0,0.02,0.06,0.0,2.84,0.04,3.42,0.54,2.88
Luxembourg,2010,3.24,0.08,0.11,0.27,0.0,0.02,0.06,0.0,2.92,0.05,3.51,0.54,2.9699999999999998
Luxembourg,2011,2.64,0.09,0.06,0.24,0.0,0.03,0.06,0.0,2.34,0.06,2.88,0.48000000000000004,2.4
Luxembourg,2012,2.76,0.09,0.1,0.31,0.0,0.04,0.08,0.0,2.39,0.06,3.0700000000000003,0.62,2.45
Luxembourg,2013,1.84,0.09,0.12,0.36,0.0,0.07,0.08,0.0,1.42,0.06,2.1999999999999997,0.7199999999999999,1.48
Luxembourg,2014,1.91,0.12,0.11,0.4,0.0,0.09,0.08,0.0,1.45,0.06,2.31,0.7999999999999999,1.51
Luxembourg,2015,1.34,0.13,0.1,0.43,0.0,0.1,0.1,0.0,0.84,0.07,1.77,0.86,0.9099999999999999
Luxembourg,2016,0.79,0.14,0.12,0.46,0.0,0.1,0.1,0.0,0.26,0.07,1.25,0.9199999999999999,0.33
Luxembourg,2017,0.9,0.17,0.09,0.6,0.0,0.11,0.23,0.0,0.22,0.08,1.5,1.2,0.3
Luxembourg,2018,0.96,0.22,0.09,0.68,0.0,0.12,0.25,0.0,0.2,0.08,1.64,1.3599999999999999,0.28
Luxembourg,2019,1.07,0.28,0.11,0.8,0.0,0.13,0.28,0.0,0.19,0.08,1.8699999999999999,1.5999999999999999,0.27
Luxembourg,2020,1.22,0.37,0.09,0.97,0.0,0.16,0.35,0.0,0.18,0.07,2.19,1.94,0.25
Luxembourg,2021,1.23,0.39,0.11,0.99,0.0,0.18,0.31,0.0,0.17,0.07,2.2199999999999998,1.98,0.24000000000000002
Moldova,2000,5.31,0.0,0.39,0.39,0.0,0.0,0.0,2.84,2.08,0.0,5.7,0.78,4.92
Moldova,2001,5.64,0.0,0.36,0.36,0.0,0.0,0.0,3.05,2.23,0.0,6.0,0.72,5.279999999999999
Moldova,2002,5.77,0.0,0.35,0.35,0.0,0.0,0.0,3.13,2.29,0.0,6.12,0.7,5.42
Moldova,2003,5.95,0.0,0.36,0.36,0.0,0.0,0.0,3.23,2.36,0.0,6.3100000000000005,0.72,5.59
Moldova,2004,5.8,0.0,0.35,0.35,0.0,0.0,0.0,3.15,2.3,0.0,6.1499999999999995,0.7,5.449999999999999
Moldova,2005,5.97,0.0,0.36,0.36,0.0,0.0,0.0,3.24,2.37,0.0,6.33,0.72,5.61
Moldova,2006,6.08,0.0,0.37,0.37,0.0,0.0,0.0,3.3,2.41,0.0,6.45,0.74,5.71
Moldova,2007,5.88,0.0,0.35,0.35,0.0,0.0,0.0,3.19,2.34,0.0,6.2299999999999995,0.7,5.529999999999999
Moldova,2008,6.01,0.0,0.38,0.38,0.0,0.0,0.0,3.25,2.38,0.0,6.39,0.76,5.63
Moldova,2009,6.19,0.0,0.35,0.35,0.0,0.0,0.0,3.37,2.47,0.0,6.540000000000001,0.7,5.84
Moldova,2010,6.11,0.0,0.4,0.4,0.0,0.0,0.0,3.3,2.41,0.0,6.51,0.8,5.71
Moldova,2011,5.79,0.0,0.35,0.35,0.0,0.0,0.0,3.14,2.3,0.0,6.14,0.7,5.4399999999999995
Moldova,2012,5.8,0.0,0.27,0.27,0.0,0.0,0.0,3.19,2.34,0.0,6.07,0.54,5.529999999999999
Moldova,2013,4.5,0.0,0.31,0.31,0.0,0.0,0.0,2.42,1.77,0.0,4.8100000000000005,0.62,4.1899999999999995
Moldova,2014,5.39,0.01,0.32,0.33,0.0,0.0,0.0,2.92,2.14,0.0,5.720000000000001,0.66,5.0600000000000005
Moldova,2015,6.04,0.01,0.26,0.27,0.0,0.0,0.0,3.33,2.44,0.0,6.3100000000000005,0.54,5.77
Moldova,2016,5.85,0.01,0.23,0.24,0.0,0.0,0.0,3.24,2.37,0.0,6.09,0.48,5.61
Moldova,2017,4.96,0.01,0.28,0.3,0.0,0.0,0.01,2.69,1.97,0.0,5.26,0.6000000000000001,4.66
Moldova,2018,5.38,0.01,0.27,0.3,0.0,0.0,0.02,2.93,2.15,0.0,5.68,0.6000000000000001,5.08
Moldova,2019,5.69,0.01,0.3,0.35,0.0,0.0,0.04,3.08,2.26,0.0,6.04,0.7,5.34
Moldova,2020,6.18,0.01,0.28,0.34,0.0,0.0,0.05,3.37,2.47,0.0,6.520000000000001,0.6800000000000002,5.84
Moldova,2021,6.66,0.01,0.32,0.42,0.0,0.01,0.08,3.6,2.64,0.0,7.08,0.84,6.24
Montenegro,2005,2.87,0.0,1.87,1.87,0.0,0.0,0.0,1.0,0.0,0.0,4.74,3.74,1.0
Montenegro,2006,2.95,0.0,1.75,1.75,0.0,0.0,0.0,1.2,0.0,0.0,4.7,3.5,1.2
Montenegro,2007,2.14,0.0,1.28,1.28,0.0,0.0,0.0,0.86,0.0,0.0,3.42,2.56,0.86
Montenegro,2008,2.83,0.0,1.54,1.54,0.0,0.0,0.0,1.29,0.0,0.0,4.37,3.08,1.29
Montenegro,2009,2.76,0.0,2.07,2.07,0.0,0.0,0.0,0.69,0.0,0.0,4.83,4.14,0.69
Montenegro,2010,4.02,0.0,2.75,2.75,0.0,0.0,0.0,1.27,0.0,0.0,6.77,5.5,1.27
Montenegro,2011,2.65,0.0,1.2,1.2,0.0,0.0,0.0,1.45,0.0,0.0,3.8499999999999996,2.4,1.45
Montenegro,2012,2.85,0.0,1.48,1.48,0.0,0.0,0.0,1.37,0.0,0.0,4.33,2.96,1.37
Montenegro,2013,3.94,0.0,2.5,2.5,0.0,0.0,0.0,1.44,0.0,0.0,6.4399999999999995,5.0,1.44
Montenegro,2014,3.17,0.0,1.75,1.75,0.0,0.0,0.0,1.42,0.0,0.0,4.92,3.5,1.42
Montenegro,2015,3.0,0.0,1.49,1.49,0.0,0.0,0.0,1.51,0.0,0.0,4.49,2.98,1.51
Montenegro,2016,3.14,0.0,1.84,1.84,0.0,0.0,0.0,1.3,0.0,0.0,4.98,3.68,1.3
Montenegro,2017,2.48,0.0,1.02,1.12,0.0,0.0,0.1,1.36,0.0,0.0,3.6000000000000005,2.24,1.36
Montenegro,2018,3.8,0.0,2.11,2.25,0.0,0.0,0.14,1.55,0.0,0.0,6.049999999999999,4.499999999999999,1.55
Montenegro,2019,3.43,0.0,1.63,1.93,0.0,0.0,0.3,1.5,0.0,0.0,5.359999999999999,3.8599999999999994,1.5
Montenegro,2020,3.39,0.0,1.45,1.77,0.0,0.0,0.32,1.62,0.0,0.0,5.16,3.5399999999999996,1.62
Montenegro,2021,3.77,0.0,2.01,2.33,0.0,0.0,0.32,1.44,0.0,0.0,6.1,4.66,1.44
Netherlands,2000,89.39,1.99,0.14,6.9,3.93,0.01,0.83,24.28,51.52,6.69,96.28999999999999,13.8,82.49000000000001
Netherlands,2001,93.43,2.35,0.12,7.29,3.98,0.01,0.83,25.48,53.77,6.89,100.72000000000001,14.58,86.14
Netherlands,2002,95.75,2.9,0.11,7.89,3.91,0.02,0.95,25.99,55.28,6.59,103.64,15.779999999999998,87.86
Netherlands,2003,96.6,2.54,0.07,7.98,4.02,0.03,1.32,26.57,55.02,7.03,104.58000000000001,15.959999999999999,88.62
Netherlands,2004,101.01,3.31,0.09,9.12,3.82,0.03,1.87,24.95,59.99,6.95,110.13000000000001,18.240000000000002,91.89
Netherlands,2005,99.68,5.26,0.09,11.46,4.0,0.04,2.07,23.5,57.6,7.12,111.14000000000001,22.92,88.22
Netherlands,2006,98.69,5.17,0.11,11.52,3.47,0.04,2.73,23.74,57.14,6.29,110.21000000000001,23.04,87.17
Netherlands,2007,105.0,4.0,0.11,11.79,4.2,0.04,3.44,24.92,61.01,7.28,116.78999999999999,23.58,93.21000000000001
Netherlands,2008,107.4,5.13,0.1,13.7,4.17,0.04,4.26,23.48,63.36,6.86,121.1,27.4,93.7
Netherlands,2009,113.56,6.11,0.1,15.08,4.25,0.04,4.58,24.28,68.87,5.33,128.64000000000001,30.159999999999997,98.48
Netherlands,2010,119.11,7.04,0.1,15.16,3.97,0.06,3.99,22.59,75.33,6.03,134.27,30.32,103.95
Netherlands,2011,113.81,7.06,0.06,16.46,4.14,0.1,5.1,21.39,69.47,6.49,130.27,32.92,97.35
Netherlands,2012,103.07,7.2,0.1,16.38,3.91,0.19,4.98,24.21,56.56,5.92,119.45,32.760000000000005,86.69000000000001
Netherlands,2013,101.5,5.95,0.11,14.99,2.89,0.41,5.63,24.61,56.07,5.83,116.49,29.98,86.51
Netherlands,2014,103.22,5.01,0.11,15.74,4.09,0.73,5.8,29.49,51.52,6.47,118.96000000000001,31.48,87.48
Netherlands,2015,108.8,4.94,0.09,17.77,4.08,1.11,7.55,39.39,45.76,5.88,126.57,35.54,91.03
Netherlands,2016,113.83,4.91,0.1,18.74,3.96,1.6,8.17,36.73,52.51,5.85,132.57,37.480000000000004,95.08999999999999
Netherlands,2017,115.64,4.6,0.06,20.83,3.4,2.2,10.57,31.28,57.77,5.76,136.47,41.66,94.81000000000002
Netherlands,2018,113.68,4.58,0.07,22.42,3.51,3.71,10.55,27.47,57.53,6.26,136.1,44.84,91.26
Netherlands,2019,120.79,5.81,0.07,26.7,3.91,5.4,11.51,17.71,70.65,5.73,147.48999999999998,53.39999999999999,94.09000000000002
Netherlands,2020,122.79,8.85,0.05,36.84,4.09,8.57,15.28,7.61,72.55,5.79,159.62999999999997,73.67999999999999,85.95
Netherlands,2021,121.61,10.88,0.09,44.3,3.83,11.5,18.0,14.59,56.63,6.09,165.91,88.6,77.31
North Macedonia,2000,6.81,0.0,1.17,1.17,0.0,0.0,0.0,5.21,0.0,0.43,7.9799999999999995,2.34,5.64
North Macedonia,2001,6.37,0.0,0.63,0.63,0.0,0.0,0.0,5.57,0.0,0.17,7.0,1.26,5.74
North Macedonia,2002,6.09,0.0,0.76,0.76,0.0,0.0,0.0,5.12,0.0,0.21,6.8500000000000005,1.52,5.33
North Macedonia,2003,6.73,0.0,1.37,1.37,0.0,0.0,0.0,5.34,0.0,0.02,8.1,2.74,5.359999999999999
North Macedonia,2004,6.66,0.0,1.48,1.48,0.0,0.0,0.0,5.16,0.0,0.02,8.14,2.96,5.18
North Macedonia,2005,6.94,0.0,1.49,1.49,0.0,0.0,0.0,5.44,0.0,0.01,8.43,2.98,5.45
North Macedonia,2006,7.01,0.0,1.65,1.65,0.0,0.0,0.0,5.11,0.0,0.25,8.66,3.3,5.36
North Macedonia,2007,6.5,0.0,1.01,1.01,0.0,0.0,0.0,5.01,0.0,0.48,7.51,2.02,5.49
North Macedonia,2008,6.31,0.0,0.84,0.84,0.0,0.0,0.0,5.29,0.0,0.18,7.1499999999999995,1.68,5.47
North Macedonia,2009,6.82,0.0,1.27,1.27,0.0,0.0,0.0,5.3,0.0,0.25,8.09,2.54,5.55
North Macedonia,2010,7.26,0.0,2.43,2.43,0.0,0.0,0.0,4.74,0.03,0.06,9.690000000000001,4.86,4.83
North Macedonia,2011,6.76,0.0,1.43,1.43,0.0,0.0,0.0,5.17,0.09,0.07,8.19,2.86,5.33
North Macedonia,2012,6.26,0.0,1.04,1.04,0.0,0.0,0.0,4.83,0.3,0.09,7.3,2.08,5.22
North Macedonia,2013,6.09,0.0,1.58,1.59,0.0,0.01,0.0,4.03,0.36,0.11,7.680000000000001,3.1799999999999997,4.500000000000001
North Macedonia,2014,5.38,0.0,1.21,1.29,0.0,0.01,0.07,3.74,0.2,0.15,6.670000000000001,2.5799999999999996,4.090000000000001
North Macedonia,2015,5.65,0.02,1.87,2.03,0.0,0.02,0.12,3.3,0.18,0.14,7.679999999999999,4.06,3.62
North Macedonia,2016,5.63,0.04,1.9,2.07,0.0,0.02,0.11,2.89,0.57,0.1,7.699999999999999,4.14,3.56
North Macedonia,2017,5.6,0.05,1.11,1.29,0.0,0.02,0.11,3.39,0.83,0.09,6.890000000000001,2.58,4.31
North Macedonia,2018,5.61,0.05,1.79,1.96,0.0,0.02,0.1,2.85,0.75,0.05,7.569999999999999,3.92,3.65
North Macedonia,2019,5.87,0.06,1.16,1.34,0.0,0.02,0.1,3.51,0.96,0.06,7.209999999999999,2.68,4.529999999999999
North Macedonia,2020,5.34,0.06,1.28,1.48,0.0,0.02,0.12,2.63,1.14,0.09,6.819999999999999,2.9600000000000004,3.8599999999999994
North Macedonia,2021,5.51,0.05,1.45,1.63,0.0,0.03,0.1,2.19,1.55,0.14,7.139999999999999,3.26,3.8800000000000003
Norway,2000,142.43,0.26,141.82,142.11,0.0,0.0,0.03,0.04,0.21,0.07,284.53999999999996,284.21999999999997,0.32
Norway,2001,121.16,0.25,120.46,120.74,0.0,0.0,0.03,0.04,0.24,0.14,241.89999999999998,241.48,0.42
Norway,2002,130.12,0.25,129.37,129.7,0.0,0.0,0.08,0.04,0.2,0.18,259.82,259.4,0.42000000000000004
Norway,2003,106.59,0.33,105.48,106.03,0.0,0.0,0.22,0.04,0.3,0.22,212.62,212.06,0.5599999999999999
Norway,2004,109.98,0.36,108.78,109.39,0.0,0.0,0.25,0.04,0.37,0.18,219.37,218.78,0.59
Norway,2005,137.1,0.33,135.69,136.52,0.0,0.0,0.5,0.04,0.38,0.16,273.62000000000006,273.04,0.58
Norway,2006,121.09,0.39,119.37,120.4,0.0,0.0,0.64,0.04,0.47,0.18,241.49,240.8,0.69
Norway,2007,135.94,0.39,133.66,134.94,0.0,0.0,0.89,0.04,0.76,0.2,270.88,269.88,1.0
Norway,2008,141.02,0.4,139.04,140.35,0.0,0.0,0.91,0.04,0.44,0.19,281.37,280.7,0.6699999999999999
Norway,2009,130.9,0.23,125.28,126.49,0.0,0.0,0.98,0.04,4.23,0.14,257.39,252.98,4.41
Norway,2010,123.09,0.35,116.74,117.97,0.0,0.0,0.88,0.04,4.8,0.28,241.06,235.94,5.12
Norway,2011,126.21,0.34,120.28,121.9,0.0,0.0,1.28,0.04,3.71,0.56,248.11,243.8,4.3100000000000005
Norway,2012,146.55,0.33,141.72,143.6,0.0,0.0,1.55,0.04,2.24,0.67,290.15000000000003,287.2,2.95
Norway,2013,133.27,0.4,128.14,130.42,0.0,0.0,1.88,0.04,2.07,0.74,263.69,260.84,2.8499999999999996
Norway,2014,140.94,0.25,135.47,137.94,0.0,0.0,2.22,0.04,2.22,0.74,278.88000000000005,275.88,3.0
Norway,2015,143.06,0.25,137.3,140.07,0.0,0.0,2.52,0.04,2.2,0.75,283.13,280.14,2.99
Norway,2016,148.13,0.23,142.81,145.16,0.0,0.0,2.12,0.04,2.21,0.72,293.29,290.32,2.9699999999999998
Norway,2017,148.41,0.26,142.37,145.48,0.0,0.0,2.85,0.04,2.06,0.83,293.89000000000004,290.96000000000004,2.93
Norway,2018,146.02,0.2,138.98,143.06,0.0,0.0,3.88,0.04,2.18,0.74,289.08000000000004,286.12,2.96
Norway,2019,133.83,0.25,125.29,131.07,0.0,0.01,5.52,0.04,2.06,0.66,264.90000000000003,262.14,2.7600000000000002
Norway,2020,154.29,0.24,141.8,152.09,0.0,0.14,9.91,0.04,1.61,0.55,306.38000000000005,304.18,2.2
Norway,2021,157.17,0.22,143.93,156.09,0.0,0.17,11.77,0.04,0.31,0.73,313.26000000000005,312.18,1.08
Poland,2000,143.18,0.22,2.11,2.33,0.0,0.0,0.0,135.89,0.93,4.03,145.51,4.66,140.85
Poland,2001,143.72,0.44,2.33,2.78,0.0,0.0,0.01,134.97,1.36,4.61,146.50000000000003,5.56,140.94000000000003
Poland,2002,142.49,0.43,2.28,2.77,0.0,0.0,0.06,132.94,2.2,4.58,145.26,5.54,139.72
Poland,2003,150.01,0.46,1.67,2.25,0.0,0.0,0.12,140.66,2.42,4.68,152.26,4.5,147.76
Poland,2004,152.26,0.98,2.08,3.2,0.0,0.0,0.14,141.12,3.22,4.72,155.46,6.3999999999999995,149.06
Poland,2005,155.05,1.51,2.2,3.85,0.0,0.0,0.14,141.88,5.16,4.16,158.89999999999998,7.7,151.2
Poland,2006,160.45,1.99,2.04,4.29,0.0,0.0,0.26,147.01,4.58,4.57,164.74,8.58,156.16
Poland,2007,158.51,2.56,2.35,5.43,0.0,0.0,0.52,144.01,4.48,4.59,163.94,10.86,153.07999999999998
Poland,2008,154.64,3.62,2.15,6.61,0.0,0.0,0.84,138.89,4.68,4.46,161.25,13.219999999999999,148.03
Poland,2009,151.09,5.23,2.38,8.69,0.0,0.0,1.08,133.38,4.79,4.23,159.77999999999997,17.380000000000003,142.39999999999998
Poland,2010,157.0,6.3,2.92,10.88,0.0,0.0,1.66,136.51,4.8,4.81,167.88,21.76,146.12
Poland,2011,163.01,7.6,2.33,13.13,0.0,0.0,3.2,139.76,5.82,4.3,176.14,26.26,149.88
Poland,2012,161.63,10.09,2.04,16.88,0.0,0.0,4.75,134.57,6.26,3.92,178.50999999999996,33.76,144.74999999999997
Poland,2013,163.91,8.62,2.44,17.06,0.0,0.0,6.0,137.72,5.27,3.86,180.97000000000003,34.12,146.85000000000002
Poland,2014,158.38,9.98,2.18,19.85,0.0,0.01,7.68,129.52,5.33,3.68,178.23000000000005,39.7,138.53000000000003
Poland,2015,164.24,9.94,1.83,22.69,0.0,0.06,10.86,130.52,6.39,4.64,186.92999999999998,45.38,141.54999999999998
Poland,2016,166.09,7.96,2.14,22.81,0.0,0.12,12.59,130.32,7.83,5.13,188.9,45.61999999999999,143.28
Poland,2017,169.93,6.49,2.56,24.13,0.0,0.17,14.91,131.16,10.03,4.61,194.06000000000003,48.260000000000005,145.8
Poland,2018,169.49,6.55,1.97,21.62,0.0,0.3,12.8,130.56,12.63,4.68,191.11,43.24,147.87
Poland,2019,163.04,7.68,1.96,25.46,0.0,0.71,15.11,118.14,14.8,4.64,188.5,50.92,137.57999999999998
Poland,2020,157.14,8.35,2.12,28.23,0.0,1.96,15.8,107.4,17.29,4.22,185.37,56.46000000000001,128.91
Poland,2021,178.77,8.06,2.34,30.56,0.0,3.93,16.23,127.57,15.82,4.82,209.32999999999998,61.120000000000005,148.20999999999998
Portugal,2000,43.38,1.3,11.32,12.87,0.0,0.0,0.17,14.6,7.14,8.77,56.17,25.660000000000004,30.509999999999998
Portugal,2001,46.17,1.35,14.03,15.74,0.0,0.0,0.26,13.61,7.21,9.61,61.809999999999995,31.38,30.43
Portugal,2002,45.65,1.47,7.8,9.73,0.0,0.0,0.36,15.21,9.04,11.67,55.28,19.36,35.92
Portugal,2003,46.52,1.39,15.72,17.7,0.0,0.0,0.5,14.53,7.74,6.55,64.13000000000001,35.31,28.82
Portugal,2004,44.82,1.54,9.87,12.31,0.0,0.0,0.82,14.86,11.69,5.96,57.05,24.54,32.51
Portugal,2005,46.18,1.68,4.73,8.25,0.0,0.0,1.77,15.23,13.61,9.09,54.36,16.43,37.93
Portugal,2006,48.57,1.7,11.0,15.72,0.0,0.0,2.93,14.96,12.34,5.55,64.2,31.35,32.85
Portugal,2007,46.89,1.86,10.09,16.21,0.0,0.02,4.04,12.4,13.12,5.16,62.89999999999999,32.22,30.68
Portugal,2008,45.48,1.85,6.8,14.64,0.0,0.04,5.76,11.2,15.2,4.44,59.92999999999999,29.089999999999996,30.84
Portugal,2009,49.48,2.09,8.28,18.29,0.0,0.16,7.58,12.9,14.71,3.58,67.58999999999999,36.4,31.189999999999998
Portugal,2010,53.69,2.61,16.15,28.35,0.0,0.21,9.18,7.1,14.9,3.34,81.84,56.5,25.34
Portugal,2011,51.88,2.92,11.54,24.11,0.0,0.28,9.16,9.85,14.92,3.0,75.78,48.010000000000005,27.77
Portugal,2012,45.57,2.95,5.62,19.37,0.0,0.39,10.26,13.09,10.67,2.44,64.79,38.59,26.2
Portugal,2013,50.53,3.05,13.73,29.47,0.0,0.48,12.01,11.84,7.23,1.99,79.8,58.739999999999995,21.06
Portugal,2014,51.96,3.05,15.57,31.57,0.0,0.63,12.11,11.95,6.83,1.61,83.32,62.93,20.39
Portugal,2015,51.27,3.1,8.66,24.37,0.0,0.8,11.61,14.73,10.56,1.61,75.44,48.54,26.9
Portugal,2016,59.13,3.07,15.72,32.3,0.0,0.87,12.47,12.63,12.58,1.62,91.25999999999999,64.42999999999999,26.830000000000002
Portugal,2017,57.7,3.22,5.9,22.58,0.0,0.99,12.25,14.67,18.89,1.56,80.06,44.94,35.120000000000005
Portugal,2018,58.41,3.16,12.39,29.41,0.0,1.01,12.62,12.01,15.61,1.38,87.58999999999999,58.589999999999996,28.999999999999996
Portugal,2019,51.73,3.36,8.82,27.41,0.0,1.34,13.67,5.53,17.26,1.53,78.92000000000002,54.60000000000001,24.320000000000004
Portugal,2020,51.54,3.79,12.08,30.11,0.0,1.72,12.3,2.36,17.6,1.47,81.43,60.0,21.43
Portugal,2021,49.44,4.0,11.91,31.55,0.0,2.24,13.22,0.8,15.57,1.52,80.80999999999999,62.92,17.89
Romania,2000,51.56,0.0,14.78,20.24,5.46,0.0,0.0,18.92,9.0,3.4,71.80000000000001,40.48,31.32
Romania,2001,53.55,0.0,14.92,20.37,5.45,0.0,0.0,19.7,8.07,5.41,73.91999999999999,40.74,33.18
Romania,2002,54.42,0.0,16.05,21.56,5.51,0.0,0.0,20.31,8.97,3.58,75.97999999999999,43.12,32.86
Romania,2003,54.84,0.0,13.26,18.17,4.91,0.0,0.0,23.34,9.7,3.63,73.01,36.34,36.67
Romania,2004,56.49,0.0,16.51,22.06,5.55,0.0,0.0,21.48,10.46,2.49,78.55,44.12,34.43
Romania,2005,59.41,0.01,20.21,25.77,5.55,0.0,0.0,21.91,9.61,2.12,85.18,51.54,33.64
Romania,2006,62.7,0.0,18.36,23.99,5.63,0.0,0.0,25.15,11.83,1.73,86.69,47.98,38.709999999999994
Romania,2007,61.68,0.04,15.97,23.72,7.71,0.0,0.0,25.1,11.56,1.3,85.4,47.440000000000005,37.96
Romania,2008,64.95,0.02,17.2,28.45,11.23,0.0,0.0,25.82,9.92,0.76,93.4,56.900000000000006,36.5
Romania,2009,57.73,0.01,15.53,27.3,11.75,0.0,0.01,21.74,7.63,1.06,85.03,54.6,30.429999999999996
Romania,2010,60.61,0.11,19.88,31.92,11.62,0.0,0.31,20.68,7.26,0.75,92.53,63.839999999999996,28.689999999999998
Romania,2011,62.0,0.2,14.73,28.07,11.75,0.0,1.39,24.78,8.36,0.79,90.07000000000001,56.14,33.93
Romania,2012,58.78,0.21,12.07,26.4,11.47,0.01,2.64,22.9,8.72,0.76,85.17999999999999,52.8,32.379999999999995
Romania,2013,58.55,0.25,14.96,31.77,11.62,0.42,4.52,16.94,9.26,0.58,90.32000000000001,63.540000000000006,26.78
Romania,2014,65.19,0.5,18.8,38.8,11.68,1.62,6.2,17.76,8.1,0.53,103.99000000000001,77.60000000000001,26.39
Romania,2015,65.92,0.52,16.63,37.83,11.64,1.98,7.06,18.13,9.39,0.57,103.75,75.66000000000001,28.09
Romania,2016,64.59,0.53,18.03,38.26,11.29,1.82,6.59,15.88,9.65,0.8,102.85,76.52,26.330000000000002
Romania,2017,63.95,0.53,14.49,35.8,11.51,1.86,7.41,16.78,10.66,0.71,99.74999999999999,71.6,28.150000000000002
Romania,2018,64.44,0.44,17.66,37.57,11.38,1.77,6.32,15.65,10.52,0.7,102.00999999999999,75.13999999999999,26.87
Romania,2019,59.18,0.5,15.58,35.91,11.28,1.78,6.77,13.61,8.95,0.71,95.08999999999999,71.82,23.27
Romania,2020,55.62,0.55,15.38,36.08,11.47,1.73,6.95,9.36,9.46,0.72,91.69999999999999,72.16,19.54
Romania,2021,59.13,0.65,17.41,37.62,11.28,1.7,6.58,10.69,9.91,0.91,96.74999999999999,75.24,21.51
Russia,2000,833.47,0.07,164.08,286.67,122.46,0.0,0.0,165.82,349.73,31.25,1120.0800000000002,573.2800000000001,546.8
Russia,2001,843.23,0.11,173.9,299.46,125.36,0.0,0.0,159.46,355.95,28.36,1142.6,598.83,543.77
Russia,2002,846.88,0.16,162.22,296.69,134.14,0.0,0.01,160.9,363.4,25.89,1143.41,593.22,550.1899999999999
Russia,2003,868.77,0.34,155.76,297.6,141.17,0.0,0.01,162.29,383.33,25.55,1166.05,594.88,571.17
Russia,2004,886.23,0.42,175.82,314.12,137.47,0.0,0.01,151.53,398.05,22.53,1199.95,627.84,572.11
Russia,2005,901.81,0.43,172.68,311.17,137.64,0.0,0.01,156.11,414.51,20.02,1212.5700000000002,621.9300000000001,590.64
Russia,2006,942.42,0.48,173.35,318.94,144.65,0.0,0.0,168.64,431.85,22.99,1260.8999999999999,637.42,623.48
Russia,2007,960.92,0.45,177.05,325.99,147.99,0.0,0.01,160.07,458.62,16.24,1286.4199999999998,651.49,634.9300000000001
Russia,2008,984.95,0.46,164.76,317.75,152.06,0.0,0.0,185.52,466.49,15.19,1302.23,635.03,667.2
Russia,2009,940.28,0.47,174.18,327.89,152.78,0.0,0.0,154.82,442.46,15.11,1267.7099999999998,655.3199999999999,612.39
Russia,2010,983.34,0.51,166.48,326.9,159.41,0.0,0.0,156.67,490.99,8.78,1309.74,653.3,656.4399999999999
Russia,2011,999.42,0.52,165.84,328.9,162.02,0.0,0.0,155.01,489.7,25.81,1327.8,657.28,670.52
Russia,2012,1014.73,0.47,165.9,333.14,166.29,0.0,0.0,159.39,495.72,26.48,1347.3899999999999,665.8,681.59
Russia,2013,1004.4,0.45,181.15,343.42,161.38,0.0,0.0,152.73,500.04,8.21,1347.38,686.4,660.98
Russia,2014,1008.5,0.52,175.27,345.58,169.07,0.16,0.1,149.38,503.44,10.1,1353.62,690.7,662.92
Russia,2015,1011.06,0.45,167.99,352.2,182.81,0.34,0.15,149.57,499.76,9.53,1362.8,703.94,658.8599999999999
Russia,2016,1034.13,0.42,184.61,370.14,184.05,0.46,0.15,161.65,492.0,10.34,1403.82,739.83,663.99
Russia,2017,1037.14,0.49,185.01,376.76,190.12,0.56,0.14,164.82,488.98,6.58,1413.4599999999998,753.0799999999999,660.38
Russia,2018,1047.59,0.48,191.14,374.76,181.76,0.72,0.23,167.77,497.51,7.55,1421.9199999999998,749.09,672.8299999999999
Russia,2019,1063.58,0.49,194.72,392.79,195.54,1.28,0.33,177.59,485.13,8.07,1455.9399999999998,785.15,670.7900000000001
Russia,2020,1044.91,0.48,212.59,432.49,215.74,2.02,1.24,165.92,438.78,7.72,1476.98,864.56,612.42
Russia,2021,1110.36,0.49,214.5,444.06,222.44,2.3,3.89,192.12,466.24,7.94,1553.98,887.68,666.3000000000001
Serbia,2000,31.95,0.0,9.82,9.82,0.0,0.0,0.0,21.43,0.39,0.31,41.77,19.64,22.13
Serbia,2001,32.57,0.0,9.89,9.89,0.0,0.0,0.0,21.86,0.5,0.32,42.46,19.78,22.68
Serbia,2002,33.24,0.0,9.93,9.93,0.0,0.0,0.0,22.56,0.5,0.25,43.17,19.86,23.31
Serbia,2003,34.26,0.0,8.74,8.74,0.0,0.0,0.0,24.71,0.54,0.27,43.0,17.48,25.52
Serbia,2004,37.19,0.0,10.62,10.62,0.0,0.0,0.0,25.74,0.68,0.15,47.809999999999995,21.24,26.569999999999997
Serbia,2005,35.86,0.0,11.41,11.41,0.0,0.0,0.0,23.38,0.32,0.75,47.27,22.82,24.45
Serbia,2006,35.87,0.0,10.35,10.35,0.0,0.0,0.0,25.02,0.12,0.38,46.22,20.7,25.52
Serbia,2007,35.97,0.0,9.46,9.46,0.0,0.0,0.0,25.57,0.43,0.51,45.43,18.92,26.51
Serbia,2008,36.82,0.0,9.56,9.56,0.0,0.0,0.0,26.68,0.41,0.17,46.379999999999995,19.12,27.26
Serbia,2009,37.71,0.0,10.54,10.54,0.0,0.0,0.0,26.85,0.17,0.15,48.25,21.08,27.17
Serbia,2010,37.42,0.0,11.89,11.89,0.0,0.0,0.0,25.02,0.33,0.18,49.309999999999995,23.78,25.529999999999998
Serbia,2011,38.02,0.0,8.67,8.67,0.0,0.0,0.0,28.71,0.5,0.14,46.69,17.34,29.35
Serbia,2012,36.19,0.01,9.29,9.3,0.0,0.0,0.0,26.32,0.48,0.09,45.49,18.6,26.89
Serbia,2013,39.23,0.02,10.2,10.22,0.0,0.0,0.0,28.67,0.3,0.04,49.449999999999996,20.439999999999998,29.01
Serbia,2014,33.44,0.02,11.0,11.03,0.0,0.01,0.0,22.13,0.23,0.05,44.46999999999999,22.06,22.41
Serbia,2015,37.59,0.02,10.08,10.11,0.0,0.01,0.0,27.16,0.22,0.1,47.7,20.220000000000002,27.48
Serbia,2016,38.61,0.03,10.79,10.86,0.0,0.01,0.03,27.24,0.38,0.13,49.470000000000006,21.720000000000002,27.749999999999996
Serbia,2017,36.44,0.08,9.15,9.29,0.0,0.01,0.05,26.46,0.55,0.14,45.730000000000004,18.580000000000002,27.150000000000002
Serbia,2018,36.67,0.1,10.64,10.9,0.0,0.01,0.15,25.02,0.6,0.15,47.57,21.8,25.77
Serbia,2019,36.86,0.14,9.46,10.51,0.0,0.01,0.9,25.58,0.67,0.1,47.37,21.02,26.35
Serbia,2020,37.23,0.19,9.03,10.21,0.0,0.01,0.98,26.46,0.51,0.05,47.44,20.42,27.020000000000003
Serbia,2021,37.53,0.25,11.28,12.62,0.0,0.01,1.08,23.77,1.07,0.07,50.150000000000006,25.240000000000002,24.91
Slovakia,2000,30.78,0.0,4.61,21.1,16.49,0.0,0.0,5.58,3.34,0.76,51.88,42.2,9.68
Slovakia,2001,31.83,0.15,4.93,22.18,17.1,0.0,0.0,5.82,2.7,1.13,54.010000000000005,44.36,9.649999999999999
Slovakia,2002,32.18,0.15,5.27,23.37,17.95,0.0,0.0,5.15,2.51,1.15,55.54999999999999,46.739999999999995,8.81
Slovakia,2003,30.96,0.1,3.48,21.44,17.86,0.0,0.0,5.96,2.4,1.16,52.4,42.88,9.52
Slovakia,2004,30.45,0.02,4.1,21.16,17.03,0.0,0.01,5.68,2.42,1.19,51.61,42.32,9.29
Slovakia,2005,31.34,0.03,4.64,22.41,17.73,0.0,0.01,5.54,2.18,1.21,53.75,44.82,8.93
Slovakia,2006,31.21,0.4,4.4,22.82,18.01,0.0,0.01,5.31,1.91,1.17,54.03,45.64,8.39
Slovakia,2007,27.83,0.47,4.45,20.26,15.33,0.0,0.01,4.8,1.62,1.15,48.08999999999999,40.519999999999996,7.57
Slovakia,2008,28.73,0.52,4.04,21.27,16.7,0.0,0.01,4.67,1.61,1.18,50.0,42.54,7.46
Slovakia,2009,25.89,0.54,4.37,19.0,14.08,0.0,0.01,3.86,1.97,1.06,44.89,38.0,6.890000000000001
Slovakia,2010,27.42,0.66,5.26,20.52,14.57,0.02,0.01,3.56,2.21,1.13,47.940000000000005,41.04,6.8999999999999995
Slovakia,2011,28.21,0.82,3.78,20.41,15.41,0.4,0.0,3.55,3.15,1.1,48.62,40.82,7.799999999999999
Slovakia,2012,28.24,0.94,4.1,20.96,15.49,0.42,0.01,3.41,2.85,1.02,49.2,41.92,7.279999999999999
Slovakia,2013,28.44,0.91,4.85,22.08,15.72,0.59,0.01,3.07,2.39,0.9,50.519999999999996,44.16,6.36
Slovakia,2014,27.04,1.42,4.21,21.74,15.5,0.6,0.01,2.87,1.62,0.81,48.779999999999994,43.48,5.300000000000001
Slovakia,2015,26.54,1.66,3.87,21.2,15.15,0.51,0.01,2.83,1.6,0.91,47.739999999999995,42.4,5.34
Slovakia,2016,26.68,1.73,4.36,21.4,14.77,0.53,0.01,2.8,1.52,0.96,48.08,42.8,5.28
Slovakia,2017,27.29,1.7,4.32,21.62,15.08,0.51,0.01,2.99,1.67,1.01,48.91,43.239999999999995,5.67
Slovakia,2018,26.57,1.63,3.59,20.65,14.84,0.58,0.01,3.01,1.86,1.05,47.219999999999985,41.29999999999999,5.92
Slovakia,2019,28.19,1.69,4.36,21.93,15.28,0.59,0.01,2.34,3.07,0.85,50.120000000000005,43.86,6.26
Slovakia,2020,28.51,1.67,4.52,22.29,15.44,0.66,0.0,1.86,3.57,0.79,50.79999999999999,44.57999999999999,6.22
Slovakia,2021,29.66,1.84,4.26,22.5,15.73,0.67,0.0,1.7,4.37,1.09,52.160000000000004,45.0,7.16
Slovenia,2000,13.61,0.07,3.83,8.66,4.76,0.0,0.0,4.61,0.29,0.05,22.27,17.32,4.95
Slovenia,2001,14.48,0.07,3.8,9.13,5.26,0.0,0.0,4.92,0.3,0.13,23.61,18.259999999999998,5.35
Slovenia,2002,14.6,0.1,3.31,8.94,5.53,0.0,0.0,5.3,0.29,0.07,23.54,17.88,5.66
Slovenia,2003,13.83,0.12,2.96,8.29,5.21,0.0,0.0,5.11,0.37,0.06,22.119999999999997,16.58,5.54
Slovenia,2004,15.27,0.12,4.09,9.67,5.46,0.0,0.0,5.19,0.36,0.05,24.94,19.34,5.6000000000000005
Slovenia,2005,15.11,0.11,3.46,9.45,5.88,0.0,0.0,5.27,0.34,0.05,24.56,18.9,5.659999999999999
Slovenia,2006,15.11,0.11,3.59,9.25,5.55,0.0,0.0,5.43,0.37,0.06,24.36,18.5,5.859999999999999
Slovenia,2007,15.04,0.11,3.27,9.08,5.7,0.0,0.0,5.48,0.45,0.03,24.12,18.16,5.960000000000001
Slovenia,2008,16.41,0.29,4.02,10.58,6.27,0.0,0.0,5.33,0.48,0.02,26.990000000000002,21.16,5.83
Slovenia,2009,16.39,0.19,4.71,10.64,5.74,0.0,0.0,5.13,0.59,0.03,27.03,21.28,5.75
Slovenia,2010,16.26,0.22,4.52,10.41,5.66,0.01,0.0,5.29,0.55,0.01,26.67,20.82,5.85
Slovenia,2011,15.92,0.25,3.56,10.1,6.22,0.07,0.0,5.31,0.49,0.02,26.019999999999996,20.2,5.819999999999999
Slovenia,2012,15.55,0.27,3.9,9.86,5.53,0.16,0.0,5.14,0.53,0.02,25.41,19.72,5.6899999999999995
Slovenia,2013,15.8,0.26,4.63,10.41,5.3,0.22,0.0,4.87,0.51,0.01,26.210000000000004,20.82,5.39
Slovenia,2014,17.15,0.25,6.09,12.97,6.37,0.26,0.0,3.76,0.37,0.05,30.120000000000005,25.940000000000005,4.18
Slovenia,2015,14.8,0.26,3.81,10.0,5.65,0.27,0.01,4.38,0.4,0.02,24.799999999999997,20.0,4.8
Slovenia,2016,16.23,0.28,4.5,10.78,5.72,0.27,0.01,5.01,0.42,0.02,27.01,21.56,5.449999999999999
Slovenia,2017,16.05,0.28,3.87,10.73,6.29,0.28,0.01,4.82,0.48,0.02,26.780000000000005,21.460000000000004,5.32
Slovenia,2018,16.12,0.26,4.7,11.0,5.78,0.25,0.01,4.62,0.48,0.02,27.120000000000005,22.000000000000004,5.119999999999999
Slovenia,2019,15.89,0.25,4.48,10.86,5.82,0.3,0.01,4.48,0.54,0.01,26.750000000000004,21.720000000000002,5.03
Slovenia,2020,16.89,0.27,4.93,11.93,6.35,0.37,0.01,4.36,0.58,0.02,28.819999999999997,23.86,4.96
Slovenia,2021,15.59,0.27,4.71,11.15,5.71,0.45,0.01,3.85,0.52,0.07,26.740000000000006,22.300000000000004,4.44
Spain,2000,220.92,1.49,28.26,96.7,62.21,0.01,4.73,79.09,20.18,24.95,317.62,193.39999999999998,124.22000000000001
Spain,2001,233.07,1.63,40.89,113.01,63.71,0.02,6.76,70.27,23.36,26.43,346.08000000000004,226.02,120.06
Spain,2002,239.91,2.59,21.22,96.19,63.02,0.02,9.34,81.18,32.39,30.15,336.1,192.38000000000002,143.72
Spain,2003,257.3,3.18,40.48,117.63,61.88,0.02,12.07,74.73,39.37,25.57,374.93,235.26,139.67
Spain,2004,273.65,3.33,31.08,113.74,63.61,0.02,15.7,79.1,55.46,25.35,387.39,227.48,159.91
Spain,2005,284.46,2.65,18.39,99.81,57.54,0.05,21.18,79.06,79.01,26.58,384.27,199.62,184.64999999999998
Spain,2006,295.26,2.77,25.96,112.28,60.13,0.12,23.3,66.74,90.57,25.67,407.54,224.56,182.98000000000002
Spain,2007,301.53,2.9,27.31,113.4,55.1,0.52,27.57,72.8,94.8,20.53,414.93000000000006,226.8,188.13
Spain,2008,310.67,3.26,23.36,121.12,58.97,2.58,32.95,48.71,120.8,20.04,431.79,242.24,189.54999999999998
Spain,2009,291.53,3.49,26.41,126.84,52.76,6.06,38.12,35.91,107.75,21.03,418.37,253.68,164.69
Spain,2010,298.15,4.01,42.3,159.76,61.99,7.19,44.27,25.33,94.85,18.21,457.9099999999999,319.52,138.39
Spain,2011,291.37,4.61,30.6,145.25,57.72,9.4,42.92,43.98,85.51,16.63,436.62,290.5,146.12
Spain,2012,293.77,4.98,20.55,148.44,61.47,11.97,49.47,55.07,73.31,16.95,442.21,296.88,145.32999999999998
Spain,2013,281.47,5.8,36.87,168.15,56.73,13.1,55.65,39.94,57.54,15.84,449.62,336.3,113.32
Spain,2014,274.94,5.41,39.17,167.57,57.31,13.67,52.01,43.81,47.27,16.29,442.51,335.14,107.37
Spain,2015,277.48,5.76,28.14,154.29,57.2,13.86,49.33,51.37,52.5,19.32,431.77,308.58,123.19
Spain,2016,271.19,5.69,36.4,163.26,58.63,13.64,48.9,36.43,52.83,18.67,434.45,326.52,107.92999999999999
Spain,2017,272.9,6.08,18.32,145.97,58.04,14.4,49.13,45.13,64.04,17.76,418.87,291.94,126.93000000000002
Spain,2018,271.88,5.91,34.33,159.65,55.77,12.74,50.9,37.34,58.0,16.89,431.53,319.29999999999995,112.23
Spain,2019,270.89,5.57,24.65,159.34,58.35,15.1,55.65,12.86,83.71,14.98,430.21,318.65999999999997,111.55
Spain,2020,259.73,6.14,30.51,172.09,58.3,20.67,56.44,5.52,69.74,12.38,431.79,344.15000000000003,87.63999999999999
Spain,2021,270.81,6.94,29.63,182.31,56.56,27.1,62.06,4.86,71.5,12.14,453.1,364.6,88.5
Sweden,2000,145.23,4.1,78.58,140.46,57.32,0.0,0.46,1.64,0.48,2.65,285.68999999999994,280.91999999999996,4.77
Sweden,2001,161.6,3.78,79.06,155.43,72.11,0.0,0.48,1.88,0.4,3.89,317.03,310.86,6.17
Sweden,2002,146.7,4.18,66.36,139.26,68.11,0.0,0.61,2.37,0.56,4.51,285.96,278.52,7.4399999999999995
Sweden,2003,135.39,4.51,53.54,126.15,67.42,0.0,0.68,2.85,0.73,5.66,261.54,252.3,9.24
Sweden,2004,151.69,7.2,60.12,145.67,77.49,0.0,0.86,1.01,0.78,4.23,297.35999999999996,291.34,6.0200000000000005
Sweden,2005,158.37,7.49,72.8,153.61,72.38,0.0,0.94,0.65,0.6,3.51,311.97999999999996,307.21999999999997,4.76
Sweden,2006,143.28,8.36,61.72,138.04,66.98,0.0,0.98,0.88,0.6,3.76,281.32000000000005,276.08000000000004,5.24
Sweden,2007,148.82,9.84,66.16,144.4,66.97,0.0,1.43,0.65,0.83,2.94,293.21999999999997,288.8,4.42
Sweden,2008,149.9,10.34,69.07,145.3,63.89,0.0,2.0,0.51,0.62,3.47,295.20000000000005,290.6,4.6
Sweden,2009,136.6,11.46,65.85,131.98,52.17,0.01,2.49,0.51,1.56,2.55,268.58,263.96,4.62
Sweden,2010,148.45,12.19,66.4,139.92,57.83,0.01,3.49,1.02,2.91,4.6,288.37,279.84,8.53
Sweden,2011,150.28,11.54,66.43,144.56,60.47,0.01,6.11,0.66,1.58,3.48,294.84000000000003,289.12,5.720000000000001
Sweden,2012,166.43,12.19,78.93,162.34,64.04,0.02,7.16,0.48,0.92,2.69,328.77000000000004,324.68,4.09
Sweden,2013,153.03,11.45,61.36,149.15,66.46,0.04,9.84,0.65,0.85,2.38,302.18,298.3,3.88
Sweden,2014,153.55,10.7,63.76,150.62,64.88,0.05,11.23,0.37,0.42,2.14,304.17,301.24,2.93
Sweden,2015,162.0,10.77,75.31,158.85,56.35,0.1,16.32,0.39,0.45,2.31,320.85,317.70000000000005,3.1500000000000004
Sweden,2016,155.89,11.49,62.02,152.23,63.1,0.14,15.48,0.26,0.68,2.72,308.12000000000006,304.46000000000004,3.66
Sweden,2017,164.23,12.08,65.14,160.76,65.7,0.23,17.61,0.32,0.33,2.82,324.99,321.52000000000004,3.4699999999999998
Sweden,2018,163.36,11.91,62.21,159.7,68.55,0.41,16.62,0.34,0.38,2.94,323.06,319.40000000000003,3.66
Sweden,2019,168.42,13.04,65.37,165.07,66.13,0.68,19.85,0.21,0.29,2.85,333.49000000000007,330.14000000000004,3.35
Sweden,2020,163.79,11.18,72.39,161.35,49.2,1.05,27.53,0.0,0.1,2.34,325.14000000000004,322.70000000000005,2.44
Sweden,2021,171.77,13.08,73.89,168.71,52.97,1.53,27.24,0.01,0.29,2.76,340.47999999999996,337.41999999999996,3.0599999999999996
Switzerland,2000,61.75,0.14,33.85,59.12,25.12,0.01,0.0,0.0,0.0,2.63,120.87,118.24000000000001,2.63
Switzerland,2001,66.63,0.14,38.29,63.91,25.47,0.01,0.0,0.0,0.0,2.72,130.54000000000002,127.82000000000001,2.72
Switzerland,2002,61.13,0.14,32.32,58.34,25.87,0.01,0.0,0.0,0.0,2.79,119.47000000000003,116.68000000000002,2.79
Switzerland,2003,61.08,0.14,31.95,58.22,26.11,0.02,0.0,0.0,0.0,2.86,119.3,116.44,2.86
Switzerland,2004,59.65,0.15,30.94,56.73,25.61,0.02,0.01,0.0,0.0,2.92,116.38,113.46,2.92
Switzerland,2005,53.93,0.16,28.66,50.96,22.11,0.02,0.01,0.0,0.0,2.97,104.89,101.92,2.97
Switzerland,2006,57.93,0.16,28.27,54.83,26.37,0.02,0.01,0.0,0.0,3.1,112.75999999999999,109.66,3.1
Switzerland,2007,62.06,0.15,32.36,59.05,26.49,0.03,0.02,0.0,0.0,3.01,121.11,118.1,3.01
Switzerland,2008,62.72,0.15,33.21,59.68,26.27,0.03,0.02,0.0,0.0,3.04,122.39999999999999,119.35999999999999,3.04
Switzerland,2009,62.3,0.13,32.83,59.3,26.27,0.05,0.02,0.0,0.0,3.0,121.59999999999998,118.59999999999998,3.0
Switzerland,2010,62.05,0.14,33.26,58.73,25.2,0.09,0.04,0.0,0.0,3.32,120.78,117.46000000000001,3.32
Switzerland,2011,59.2,0.15,29.91,55.86,25.56,0.17,0.07,0.0,0.0,3.34,115.06,111.72,3.34
Switzerland,2012,64.17,0.15,35.78,60.66,24.34,0.3,0.09,0.0,0.0,3.51,124.83000000000001,121.32000000000001,3.51
Switzerland,2013,64.72,0.15,35.63,61.24,24.87,0.5,0.09,0.0,0.0,3.48,125.96000000000002,122.48000000000002,3.48
Switzerland,2014,65.94,0.14,35.12,62.57,26.37,0.84,0.1,0.0,0.0,3.37,128.51,125.14,3.37
Switzerland,2015,62.15,0.12,35.38,58.82,22.09,1.12,0.11,0.0,0.0,3.33,120.97,117.64,3.33
Switzerland,2016,57.5,0.15,31.98,53.81,20.24,1.33,0.11,0.0,0.0,3.69,111.30999999999999,107.61999999999999,3.69
Switzerland,2017,56.62,0.16,31.48,52.95,19.5,1.68,0.13,0.0,0.0,3.67,109.57000000000001,105.9,3.67
Switzerland,2018,62.27,0.15,32.1,58.73,24.41,1.95,0.12,0.0,0.0,3.54,121.0,117.46,3.54
Switzerland,2019,66.5,0.15,35.16,62.92,25.28,2.18,0.15,0.0,0.0,3.58,129.42000000000002,125.84,3.58
Switzerland,2020,67.4,0.17,37.87,63.78,22.99,2.6,0.15,0.0,0.0,3.62,131.17999999999998,127.55999999999999,3.62
Switzerland,2021,60.72,0.11,36.96,58.46,18.35,2.89,0.15,0.0,0.0,2.26,119.18,116.92,2.26
Turkey,2000,124.33,0.17,30.88,31.16,0.0,0.0,0.03,37.33,46.54,9.3,155.41,62.24,93.17
Turkey,2001,122.19,0.18,24.01,24.34,0.0,0.0,0.06,37.74,49.71,10.4,146.44000000000003,48.59,97.85000000000001
Turkey,2002,128.42,0.13,33.68,33.96,0.0,0.0,0.05,31.43,52.53,10.5,162.28,67.82000000000001,94.46000000000001
Turkey,2003,139.52,0.08,35.33,35.56,0.0,0.0,0.06,31.42,63.54,9.0,174.99,71.03,103.96000000000001
Turkey,2004,149.74,0.08,46.08,46.31,0.0,0.0,0.06,33.57,62.27,7.59,195.96,92.53,103.43
Turkey,2005,161.55,0.03,39.56,39.74,0.0,0.0,0.06,42.2,73.48,6.13,201.20000000000002,79.39000000000001,121.81
Turkey,2006,176.17,0.06,44.24,44.52,0.0,0.0,0.13,45.61,80.69,5.35,220.6,88.95,131.65
Turkey,2007,191.41,0.09,35.85,36.46,0.0,0.0,0.36,52.33,95.03,7.59,227.71,72.76,154.95000000000002
Turkey,2008,198.31,0.14,33.27,34.42,0.0,0.0,0.85,56.38,98.68,8.83,232.57000000000002,68.68,163.89000000000001
Turkey,2009,194.73,0.25,35.96,38.15,0.0,0.0,1.5,54.23,96.1,6.25,232.44,75.86,156.57999999999998
Turkey,2010,211.06,0.33,51.8,55.72,0.0,0.0,2.92,53.37,98.14,3.83,266.10999999999996,110.77,155.34
Turkey,2011,229.28,0.34,52.34,58.09,0.0,0.0,4.72,64.59,104.05,2.55,286.68,115.49000000000001,171.19
Turkey,2012,239.38,0.59,57.86,65.21,0.0,0.0,5.86,66.33,104.5,3.34,303.69,129.52,174.17
Turkey,2013,239.87,0.88,59.42,69.22,0.0,0.0,7.56,61.92,105.12,3.61,307.73,137.08,170.65000000000003
Turkey,2014,251.62,1.08,40.64,52.62,0.0,0.02,8.52,74.29,120.58,4.13,301.88,102.88,199.0
Turkey,2015,261.29,1.24,67.15,83.65,0.0,0.19,11.65,74.18,99.22,4.24,341.52000000000004,163.88000000000002,177.64000000000001
Turkey,2016,273.69,1.63,67.23,90.24,0.0,1.04,15.52,90.39,89.23,3.83,359.11,175.66,183.45000000000002
Turkey,2017,296.43,2.1,58.22,87.24,0.0,2.89,17.9,95.38,110.49,3.32,377.54,168.35,209.19
Turkey,2018,303.86,2.65,59.94,97.77,0.0,7.8,19.95,111.36,92.48,2.25,394.2,188.10999999999999,206.09
Turkey,2019,302.79,3.51,88.82,132.26,0.0,9.25,21.73,111.17,57.29,2.07,426.09999999999997,255.56999999999996,170.53
Turkey,2020,305.42,4.44,78.09,128.34,0.0,10.95,24.83,104.02,70.93,2.13,423.72999999999996,246.64999999999998,177.07999999999998
Turkey,2021,333.41,6.45,55.93,118.55,0.0,13.94,31.44,101.61,111.18,2.07,441.17,226.31,214.86
Ukraine,2000,171.27,0.0,11.27,88.62,77.34,0.0,0.01,50.26,29.95,2.44,259.89,177.24,82.64999999999999
Ukraine,2001,172.81,0.0,12.03,88.22,76.17,0.0,0.02,51.98,30.36,2.25,261.03000000000003,176.44000000000003,84.59
Ukraine,2002,173.57,0.0,9.63,87.64,77.99,0.0,0.02,53.5,30.49,1.94,261.21,175.28,85.92999999999999
Ukraine,2003,180.2,0.0,9.24,90.68,81.41,0.0,0.03,53.52,34.24,1.76,270.88,181.35999999999999,89.52000000000001
Ukraine,2004,182.02,0.0,11.75,98.8,87.02,0.0,0.03,43.97,37.52,1.73,280.82,197.6,83.22000000000001
Ukraine,2005,185.91,0.0,12.36,101.16,88.76,0.0,0.04,46.22,34.16,4.37,287.07,202.32,84.75
Ukraine,2006,193.23,0.0,12.89,103.14,90.22,0.0,0.03,61.8,24.45,3.84,296.36999999999995,206.28,90.09
Ukraine,2007,196.14,0.28,10.14,103.01,92.54,0.0,0.05,68.06,22.45,2.62,299.15000000000003,206.02000000000004,93.13000000000001
Ukraine,2008,192.58,0.26,11.51,101.66,89.84,0.0,0.05,68.38,19.31,3.23,294.24,203.32,90.92
Ukraine,2009,173.62,0.14,11.94,95.04,82.92,0.0,0.04,62.97,11.69,3.92,268.66,190.08,78.58
Ukraine,2010,188.82,0.19,13.15,102.54,89.15,0.0,0.05,67.3,15.7,3.28,291.36,205.08000000000004,86.28
Ukraine,2011,194.95,0.13,10.95,101.45,90.25,0.03,0.09,74.14,18.45,0.91,296.40000000000003,202.9,93.5
Ukraine,2012,198.36,0.13,10.48,101.37,90.14,0.33,0.29,79.97,16.04,0.98,299.7300000000001,202.74,96.99
Ukraine,2013,193.71,0.1,13.8,98.32,83.21,0.57,0.64,80.13,13.98,1.28,292.03,196.64,95.39
Ukraine,2014,181.98,0.13,8.48,98.56,88.39,0.43,1.13,69.54,12.71,1.17,280.54,197.12,83.42
Ukraine,2015,161.64,0.14,5.4,94.73,87.63,0.48,1.08,55.34,10.1,1.47,256.37,189.46,66.91
Ukraine,2016,162.86,0.14,7.67,90.2,80.95,0.49,0.95,59.6,9.84,3.22,253.06,180.4,72.66
Ukraine,2017,154.42,0.21,8.95,96.46,85.58,0.74,0.98,47.82,7.39,2.75,250.87999999999997,192.92,57.96
Ukraine,2018,158.23,0.3,10.43,97.42,84.4,1.1,1.19,47.71,10.58,2.52,255.65000000000003,194.84,60.81
Ukraine,2019,152.66,0.41,6.51,94.87,83.0,2.93,2.02,44.6,11.93,1.26,247.53000000000003,189.74000000000004,57.79
Ukraine,2020,148.26,0.76,7.56,93.76,76.2,5.97,3.27,38.63,14.19,1.68,242.02000000000004,187.52000000000004,54.5
Ukraine,2021,155.72,0.76,10.67,108.15,86.29,5.97,4.46,36.13,9.76,1.68,263.87,216.3,47.57
United Kingdom,2000,374.38,3.94,5.09,95.04,85.06,0.0,0.95,119.95,148.08,11.31,469.42,190.07999999999998,279.34000000000003
United Kingdom,2001,382.37,4.53,4.06,99.65,90.09,0.0,0.97,131.46,141.9,9.36,482.02,199.3,282.72
United Kingdom,2002,384.6,5.08,4.79,98.98,87.85,0.0,1.26,124.28,152.28,9.06,483.58,197.95999999999998,285.62
United Kingdom,2003,395.46,6.1,3.23,99.31,88.69,0.0,1.29,138.3,148.88,8.97,494.77,198.61999999999998,296.15000000000003
United Kingdom,2004,391.29,7.36,4.84,94.14,80.0,0.0,1.94,131.79,157.07,8.29,485.43,188.28,297.15000000000003
United Kingdom,2005,395.42,9.1,4.92,98.55,81.62,0.01,2.9,134.64,152.64,9.59,493.96999999999997,197.1,296.86999999999995
United Kingdom,2006,393.44,9.28,4.59,93.56,75.45,0.01,4.23,148.85,140.83,10.2,486.99999999999994,187.11999999999998,299.88
United Kingdom,2007,392.98,9.33,5.08,82.72,63.03,0.01,5.27,135.95,165.79,8.52,475.69999999999993,165.44,310.26
United Kingdom,2008,384.84,9.57,5.14,74.34,52.49,0.02,7.12,124.38,176.22,9.9,459.18000000000006,148.68000000000004,310.5
United Kingdom,2009,373.08,10.72,5.23,94.35,69.1,0.02,9.28,103.04,166.5,9.19,467.43,188.7,278.73
United Kingdom,2010,378.91,12.26,3.59,88.32,62.14,0.04,10.29,107.59,175.65,7.35,467.23,176.64,290.59000000000003
United Kingdom,2011,365.06,13.31,5.69,104.18,68.98,0.24,15.96,108.44,146.5,5.94,469.24000000000007,208.36000000000004,260.88
United Kingdom,2012,360.89,14.73,5.31,111.64,70.4,1.35,19.85,142.79,100.17,6.29,472.53000000000003,223.28,249.24999999999997
United Kingdom,2013,355.38,18.1,4.7,123.82,70.61,2.01,28.4,130.26,95.84,5.46,479.2,247.64000000000001,231.56
United Kingdom,2014,335.21,22.62,5.89,128.27,63.75,4.05,31.96,100.24,100.89,5.81,463.48,256.54,206.94
United Kingdom,2015,335.34,28.47,6.3,152.91,70.34,7.53,40.27,75.88,99.88,6.67,488.24999999999994,305.81999999999994,182.42999999999998
United Kingdom,2016,336.28,30.06,5.37,154.72,71.73,10.4,37.16,30.67,143.36,7.53,490.99999999999994,309.43999999999994,181.56000000000003
United Kingdom,2017,335.1,31.87,5.88,169.19,70.34,11.46,49.64,22.53,136.75,6.63,504.28999999999996,338.37999999999994,165.91
United Kingdom,2018,330.5,34.93,5.44,175.09,65.06,12.74,56.91,16.83,131.49,7.09,505.5799999999999,350.16999999999996,155.41
United Kingdom,2019,321.65,37.29,5.93,176.66,56.18,12.92,64.33,6.89,130.58,7.52,498.29999999999995,353.31,144.99
United Kingdom,2020,307.37,38.09,6.68,182.59,50.85,13.33,73.64,5.34,111.22,8.22,489.96000000000004,365.18,124.78
United Kingdom,2021,307.16,39.11,5.59,169.08,46.88,12.48,65.02,5.92,123.58,8.58,476.24,338.16,138.08
United States,2000,3802.1,60.73,270.03,1104.82,753.89,0.49,5.59,1966.27,614.99,116.02,4892.83,2195.5499999999997,2697.28
United States,2001,3727.57,49.75,208.14,1048.89,768.83,0.54,6.74,1903.96,639.13,135.59,4761.57,2082.89,2678.6800000000003
United States,2002,3844.23,53.71,255.59,1116.4,780.06,0.55,10.35,1933.13,691.01,103.69,4944.490000000001,2216.6600000000003,2727.8300000000004
United States,2003,3868.94,53.34,267.27,1112.91,763.73,0.53,11.19,1973.74,649.91,132.38,4965.0,2208.9700000000003,2756.03
United States,2004,3951.95,53.54,259.93,1133.67,788.53,0.58,14.14,1978.3,710.1,129.88,5068.67,2250.39,2818.28
United States,2005,4034.99,54.28,263.76,1135.03,781.99,0.55,17.81,2012.87,760.96,126.13,5153.38,2253.42,2899.96
United States,2006,4046.94,54.86,282.69,1168.38,787.22,0.51,26.59,1990.51,816.44,71.61,5198.81,2320.2500000000005,2878.56
United States,2007,4142.57,55.54,240.61,1154.33,806.42,0.61,34.45,2016.46,896.59,75.19,5280.2,2291.96,2988.2400000000002
United States,2008,4107.53,55.03,248.54,1183.32,806.21,0.86,55.36,1985.8,882.98,55.43,5273.530000000001,2349.32,2924.2099999999996
United States,2009,3939.82,54.49,268.82,1214.41,798.85,0.89,73.89,1755.9,920.98,48.53,5136.759999999999,2411.35,2725.4100000000003
United States,2010,4113.94,56.09,254.7,1231.45,806.97,1.21,94.65,1847.29,987.7,47.5,5327.56,2445.07,2882.49
United States,2011,4088.87,56.67,312.93,1299.94,790.2,1.82,120.18,1733.43,1013.69,41.81,5370.670000000001,2581.74,2788.93
United States,2012,4040.67,57.62,271.29,1261.65,769.33,4.33,140.82,1514.04,1225.89,39.09,5284.06,2505.0400000000004,2779.0200000000004
United States,2013,4055.61,60.86,263.88,1309.4,789.02,9.04,167.84,1581.11,1124.84,40.26,5346.25,2600.04,2746.21
United States,2014,4096.01,63.99,253.19,1344.0,797.17,28.92,181.65,1581.71,1126.61,43.69,5420.929999999999,2668.92,2752.0099999999998
United States,2015,4083.99,63.63,243.99,1353.67,797.18,39.03,190.72,1352.4,1333.48,44.44,5418.54,2688.22,2730.32
United States,2016,4087.56,62.76,261.13,1430.6,805.69,54.87,226.99,1239.15,1378.31,39.5,5499.0,2842.04,2656.96
United States,2017,4052.31,62.73,293.84,1512.14,804.95,77.28,254.3,1205.84,1296.44,37.89,5545.410000000001,3005.2400000000002,2540.1699999999996
United States,2018,4201.55,61.83,286.62,1540.25,807.08,93.36,272.67,1149.49,1469.13,42.68,5723.110000000001,3061.8100000000004,2661.2999999999997
United States,2019,4158.38,57.51,282.61,1570.17,809.41,106.89,295.88,964.96,1585.81,37.44,5710.679999999999,3122.47,2588.21
United States,2020,4043.18,54.7,279.95,1611.28,789.88,130.72,337.94,773.39,1624.17,34.34,5636.37,3204.47,2431.9
United States,2021,4153.62,54.25,246.47,1641.23,779.65,164.42,378.2,898.0,1579.19,35.2,5776.61,3264.22,2512.39
