country,year,solar_elec_per_capita,wind_elec_per_capita,hydro_elec_per_capita,coal_elec_per_capita,oil_elec_per_capita,gas_elec_per_capita
Albania,2000,0.0,0.0,1429.906,0.0,43.997,0.0
Albania,2001,0.0,0.0,1116.179,0.0,41.223,0.0
Albania,2002,0.0,0.0,1114.115,0.0,51.224,0.0
Albania,2003,0.0,0.0,1655.354,0.0,32.331,0.0
Albania,2004,0.0,0.0,1766.456,0.0,42.447,0.0
Albania,2005,0.0,0.0,1754.249,0.0,23.082,0.0
Albania,2006,0.0,0.0,1648.137,0.0,29.966,0.0
Albania,2007,0.0,0.0,927.392,0.0,23.521,0.0
Albania,2008,0.0,0.0,1273.847,0.0,23.715,0.0
Albania,2009,0.0,0.0,1774.409,0.0,0.0,0.0
Albania,2010,0.0,0.0,2570.878,0.0,0.0,0.0
Albania,2011,0.0,0.0,1410.024,0.0,20.685,0.0
Albania,2012,0.0,0.0,1618.15,0.0,0.0,0.0
Albania,2013,0.0,0.0,2386.545,0.0,0.0,0.0
Albania,2014,0.0,0.0,1622.69,0.0,0.0,0.0
Albania,2015,0.0,0.0,2026.032,0.0,0.0,0.0
Albania,2016,0.0,0.0,2672.624,0.0,0.0,0.0
Albania,2017,0.0,0.0,1555.901,0.0,0.0,0.0
Albania,2018,0.0,0.0,2944.02,0.0,0.0,0.0
Albania,2019,6.959,0.0,1792.001,0.0,0.0,0.0
Albania,2020,10.464,0.0,1841.743,0.0,0.0,0.0
Armenia,2000,0.0,0.0,394.505,0.0,0.0,798.479
Armenia,2001,0.0,0.0,306.402,0.0,0.0,836.222
Armenia,2002,0.0,0.0,528.174,0.0,0.0,476.644
Armenia,2003,0.0,0.0,635.516,0.0,0.0,463.667
Armenia,2004,0.0,0.0,645.846,0.0,0.0,561.038
Armenia,2005,0.0,0.0,574.288,0.0,0.0,564.443
Armenia,2006,0.0,0.0,598.053,0.0,0.0,459.278
Armenia,2007,0.0,0.0,609.107,0.0,0.0,465.984
Armenia,2008,0.0,0.0,596.63,0.0,0.0,475.963
Armenia,2009,0.0,0.0,674.696,0.0,0.0,364.336
Armenia,2010,0.0,3.394,858.705,0.0,0.0,458.202
Armenia,2011,0.0,0.0,839.882,0.0,0.0,768.184
Armenia,2012,0.0,0.0,789.177,0.0,0.0,1094.554
Armenia,2013,0.0,0.0,741.025,0.0,0.0,1027.095
Armenia,2014,0.0,0.0,681.676,0.0,0.0,1069.227
Armenia,2015,0.0,0.0,757.313,0.0,0.0,913.639
Armenia,2016,0.0,0.0,813.025,0.0,0.0,847.919
Armenia,2017,0.0,0.0,788.94,0.0,0.0,946.728
Armenia,2018,7.051,0.0,807.315,0.0,0.0,1117.55
Armenia,2019,21.272,0.0,833.155,0.0,0.0,1013.967
Armenia,2020,49.9,0.0,634.443,0.0,0.0,1062.158
Austria,2000,0.0,8.739,5223.194,714.069,354.538,979.973
Austria,2001,1.244,12.438,5032.568,857.004,395.54,1088.358
Austria,2002,1.238,17.329,4979.58,818.171,355.242,1152.371
Austria,2003,1.232,45.566,4089.849,1039.395,396.547,1374.366
Austria,2004,2.448,113.814,4498.719,968.032,422.214,1340.07
Austria,2005,2.431,161.662,4509.523,871.517,414.487,1583.803
Austria,2006,2.419,211.665,4313.134,891.413,433.007,1290.553
Austria,2007,2.411,245.94,4466.697,795.687,390.61,1193.53
Austria,2008,3.605,241.554,4606.344,664.573,391.774,1343.567
Austria,2009,5.993,233.731,4902.35,450.681,361.983,1479.095
Austria,2010,10.762,246.328,4586.965,588.318,436.455,1715.927
Austria,2011,20.259,231.195,4080.465,647.106,414.72,1482.505
Austria,2012,40.334,291.827,5201.882,520.781,387.917,1151.888
Austria,2013,74.296,371.482,4955.456,496.489,380.917,784.24
Austria,2014,92.44,450.5,4798.699,344.018,369.761,622.509
Austria,2015,108.766,560.028,4299.721,341.34,422.335,886.326
Austria,2016,125.909,598.639,4575.063,233.503,416.643,971.786
Austria,2017,144.359,746.803,4352.375,200.057,420.574,1240.125
Austria,2018,165.149,682.087,4257.669,204.739,367.625,1122.106
Austria,2019,191.443,838.97,4598.005,168.92,382.885,1274.783
Austria,2020,229.013,762.255,4714.979,62.866,365.972,1117.001
Belarus,2000,0.0,0.0,2.925,0.0,0.0,2389.707
Belarus,2001,0.0,0.0,2.941,0.0,0.0,2306.589
Belarus,2002,0.0,0.0,2.96,0.0,0.0,2450.818
Belarus,2003,0.0,0.0,2.98,0.0,0.0,2483.637
Belarus,2004,0.0,0.0,3.0,0.0,0.0,2931.084
Belarus,2005,0.0,0.0,4.026,0.0,0.0,2925.97
Belarus,2006,0.0,0.0,4.051,0.0,0.0,3016.801
Belarus,2007,0.0,0.0,4.071,0.0,0.0,3033.791
Belarus,2008,0.0,0.0,4.087,0.0,0.0,3350.079
Belarus,2009,0.0,0.0,4.099,0.0,0.0,2908.469
Belarus,2010,0.0,0.0,5.138,0.0,0.0,3358.192
Belarus,2011,0.0,0.0,4.121,0.0,0.0,3102.921
Belarus,2012,0.0,1.032,7.221,0.0,0.0,2968.922
Belarus,2013,0.0,1.032,14.446,0.0,0.0,3024.411
Belarus,2014,0.0,1.032,12.379,0.0,0.0,3338.237
Belarus,2015,1.031,3.093,11.339,0.0,0.0,3270.929
Belarus,2016,3.09,8.241,14.421,0.0,0.0,3208.657
Belarus,2017,9.271,10.301,41.204,0.0,0.0,3266.421
Belarus,2018,18.565,10.314,33.005,0.0,0.0,3697.564
Belarus,2019,18.607,18.607,35.146,0.0,0.0,3797.82
Belarus,2020,18.684,19.722,40.483,0.0,0.0,3590.504
Belgium,2000,0.0,1.948,44.815,1258.725,455.947,1556.845
Belgium,2001,0.0,3.88,42.68,964.183,531.562,1530.664
Belgium,2002,0.0,5.794,34.764,968.561,438.411,1725.642
Belgium,2003,0.0,8.652,24.033,926.696,359.527,2077.375
Belgium,2004,0.0,13.389,30.604,875.082,470.536,1916.573
Belgium,2005,0.0,21.869,27.574,779.692,445.946,2044.313
Belgium,2006,0.0,34.962,34.017,647.266,436.55,2077.867
Belgium,2007,0.939,45.993,36.607,607.301,348.236,2314.689
Belgium,2008,3.729,59.664,38.222,517.4,294.591,2247.658
Belgium,2009,15.739,92.581,30.552,479.569,237.933,2707.993
Belgium,2010,51.48,118.589,28.498,386.102,307.962,2835.094
Belgium,2011,106.793,210.848,18.255,317.642,327.682,2322.07
Belgium,2012,194.903,250.201,32.635,307.312,331.788,2136.678
Belgium,2013,237.768,329.633,34.224,271.092,320.627,1873.324
Belgium,2014,258.573,413.359,25.947,186.996,322.098,1730.381
Belgium,2015,272.041,495.186,28.449,184.028,309.38,1957.628
Belgium,2016,273.928,478.932,32.695,34.462,328.714,1951.075
Belgium,2017,290.746,572.709,23.716,7.905,332.909,2022.049
Belgium,2018,340.653,661.216,25.331,7.861,320.563,2095.453
Belgium,2019,369.226,847.916,26.063,7.819,320.575,2218.831
Belgium,2020,441.976,1108.832,23.353,6.919,271.586,2316.265
Bulgaria,2000,0.0,0.0,324.784,2091.954,116.082,235.87
Bulgaria,2001,0.0,0.0,205.355,2426.924,104.544,237.714
Bulgaria,2002,0.0,0.0,265.837,2154.285,129.157,193.108
Bulgaria,2003,0.0,0.0,377.633,2429.985,128.825,222.286
Bulgaria,2004,0.0,0.0,399.221,2402.955,133.498,189.439
Bulgaria,2005,0.0,0.0,550.208,2362.057,101.085,221.363
Bulgaria,2006,0.0,2.575,542.104,2458.138,65.671,278.134
Bulgaria,2007,0.0,6.477,366.626,2898.031,86.798,303.147
Bulgaria,2008,0.0,15.635,363.522,3020.23,41.694,307.495
Bulgaria,2009,0.0,31.435,449.262,2763.684,43.223,256.721
Bulgaria,2010,1.317,89.565,662.516,2978.029,51.368,259.474
Bulgaria,2011,13.257,114.011,380.479,3649.68,18.56,275.748
Bulgaria,2012,104.162,162.92,424.66,3054.079,29.379,315.156
Bulgaria,2013,187.05,184.359,543.656,2609.28,30.951,314.89
Bulgaria,2014,170.914,180.409,623.971,2890.612,28.486,290.282
Bulgaria,2015,188.802,198.379,772.993,3082.394,24.626,254.472
Bulgaria,2016,191.83,195.971,535.469,2673.206,44.162,282.915
Bulgaria,2017,194.92,208.843,394.017,2912.663,55.691,268.711
Bulgaria,2018,188.27,185.46,723.576,2621.735,49.175,283.811
Bulgaria,2019,201.346,187.167,415.453,2438.839,56.717,304.855
Bulgaria,2020,210.626,212.059,404.059,1935.757,45.851,328.119
Croatia,2000,0.0,0.0,1418.069,340.776,371.556,345.173
Croatia,2001,0.0,0.0,1593.162,363.898,470.404,406.057
Croatia,2002,0.0,0.0,1304.966,470.68,495.218,564.37
Croatia,2003,0.0,0.0,1223.902,537.979,732.996,461.765
Croatia,2004,0.0,0.0,1717.172,481.619,373.592,553.636
Croatia,2005,0.0,2.257,1589.277,525.997,417.637,410.864
Croatia,2006,0.0,4.527,1498.564,509.331,443.684,466.321
Croatia,2007,0.0,6.81,1066.838,549.308,524.34,696.85
Croatia,2008,0.0,9.104,1315.53,566.725,452.925,559.897
Croatia,2009,0.0,11.41,1690.954,376.528,458.68,504.32
Croatia,2010,0.0,32.046,2089.876,544.787,128.185,583.7
Croatia,2011,0.0,45.958,1155.833,592.853,172.341,602.044
Croatia,2012,0.0,76.184,1117.372,517.131,133.9,579.464
Croatia,2013,2.321,120.682,2000.532,561.634,53.378,468.802
Croatia,2014,9.337,170.403,2103.19,553.225,30.346,233.428
Croatia,2015,14.102,188.022,1501.826,542.914,51.706,282.033
Croatia,2016,16.573,239.124,1621.782,615.567,16.573,376.443
Croatia,2017,19.082,286.228,1266.557,326.776,50.09,737.036
Croatia,2018,16.825,322.078,1850.744,348.517,16.825,540.802
Croatia,2019,19.372,355.954,1411.708,397.119,9.686,636.843
Croatia,2020,24.409,419.832,1381.542,297.788,7.323,839.665
Cyprus,2000,0.0,0.0,0.0,0.0,3553.96,0.0
Cyprus,2001,0.0,0.0,0.0,0.0,3679.374,0.0
Cyprus,2002,0.0,0.0,0.0,0.0,3858.677,0.0
Cyprus,2003,0.0,0.0,0.0,0.0,4048.563,0.0
Cyprus,2004,0.0,0.0,0.0,0.0,4122.95,0.0
Cyprus,2005,0.0,0.0,0.0,0.0,4223.438,0.0
Cyprus,2006,0.0,0.0,0.0,0.0,4405.725,0.0
Cyprus,2007,0.0,0.0,0.0,0.0,4534.979,0.0
Cyprus,2008,0.0,0.0,0.0,0.0,4631.994,0.0
Cyprus,2009,0.0,0.0,0.0,0.0,4662.554,0.0
Cyprus,2010,8.852,26.556,0.0,0.0,4647.28,0.0
Cyprus,2011,8.733,96.062,0.0,0.0,4148.146,0.0
Cyprus,2012,17.293,164.281,0.0,0.0,3856.277,0.0
Cyprus,2013,42.846,197.091,0.0,0.0,3393.398,0.0
Cyprus,2014,67.97,152.932,0.0,0.0,3423.968,0.0
Cyprus,2015,109.493,185.297,0.0,0.0,3486.944,0.0
Cyprus,2016,125.22,192.004,0.0,0.0,3723.217,0.0
Cyprus,2017,140.667,173.765,0.0,0.0,3781.463,0.0
Cyprus,2018,164.091,180.5,0.0,0.0,3757.689,0.0
Cyprus,2019,179.031,195.306,0.0,0.0,3767.781,0.0
Cyprus,2020,242.416,193.933,0.0,0.0,3434.232,0.0
Denmark,2000,0.0,793.909,5.617,3121.336,934.341,1642.119
Denmark,2001,0.0,803.992,5.596,3324.16,891.666,1729.235
Denmark,2002,0.0,907.282,5.578,3394.873,862.662,1782.959
Denmark,2003,0.0,1030.325,3.706,4690.203,559.637,1808.628
Denmark,2004,0.0,1215.012,5.54,3447.459,422.854,1835.444
Denmark,2005,0.0,1215.897,3.679,2843.839,402.846,1615.065
Denmark,2006,0.0,1119.486,3.664,4501.762,447.061,1722.286
Denmark,2007,0.0,1308.461,5.475,3629.746,379.581,1284.737
Denmark,2008,0.0,1259.37,5.452,3172.958,359.82,1286.629
Denmark,2009,0.0,1215.969,3.619,3200.967,354.658,1206.922
Denmark,2010,1.802,1406.992,3.603,3064.396,273.832,1425.007
Denmark,2011,1.793,1752.147,3.587,2507.166,220.588,1047.343
Denmark,2012,17.854,1833.616,3.571,1881.822,201.751,748.087
Denmark,2013,92.438,1976.751,1.778,2540.267,190.209,607.958
Denmark,2014,106.182,2314.776,3.539,1957.296,184.049,371.638
Denmark,2015,105.675,2488.642,3.522,1252.247,188.453,320.547
Denmark,2016,129.669,2239.412,3.505,1554.271,180.485,396.015
Denmark,2017,130.724,2576.131,3.486,1082.393,174.298,352.083
Denmark,2018,164.739,2410.395,1.734,1139.302,168.207,358.958
Denmark,2019,165.635,2786.462,3.451,571.095,177.712,362.326
Denmark,2020,202.553,2803.126,3.433,525.264,178.521,202.553
Estonia,2000,0.0,0.0,0.0,0.0,5655.457,429.528
Estonia,2001,0.0,0.0,7.205,0.0,5670.029,432.277
Estonia,2002,0.0,0.0,7.25,0.0,5778.541,384.269
Estonia,2003,0.0,7.296,7.296,0.0,7011.205,364.787
Estonia,2004,0.0,7.34,14.679,0.0,7163.36,359.636
Estonia,2005,0.0,36.909,14.764,0.0,7049.713,398.623
Estonia,2006,0.0,59.404,7.425,0.0,6727.502,400.977
Estonia,2007,0.0,67.135,14.919,0.0,8727.592,253.622
Estonia,2008,0.0,97.232,22.438,0.0,7449.442,314.133
Estonia,2009,0.0,149.862,22.479,0.0,6091.909,82.424
Estonia,2010,0.0,210.284,22.53,0.0,8726.771,225.304
Estonia,2011,0.0,278.733,22.6,0.0,8633.19,188.333
Estonia,2012,0.0,325.097,30.242,0.0,7832.57,98.285
Estonia,2013,0.0,402.129,22.762,7.587,9066.871,68.286
Estonia,2014,0.0,456.437,22.822,7.607,8352.789,53.251
Estonia,2015,0.0,540.064,22.82,0.0,6488.379,45.639
Estonia,2016,7.599,448.353,30.397,0.0,7986.759,53.194
Estonia,2017,7.59,546.469,22.77,15.18,8515.807,45.539
Estonia,2018,22.69,484.062,7.563,0.0,7805.492,45.381
Estonia,2019,52.749,519.955,15.071,0.0,4091.816,30.142
Estonia,2020,188.048,631.841,22.566,0.0,2316.749,22.566
Finland,2000,0.0,15.455,2832.189,1640.197,1025.848,1957.031
Finland,2001,0.0,13.493,2544.33,2045.101,1480.337,2253.274
Finland,2002,0.0,11.537,2072.842,2443.954,1588.282,2236.286
Finland,2003,0.0,17.265,1839.635,3692.698,1762.903,2656.824
Finland,2004,0.0,22.953,2882.477,3155.996,1530.18,2438.724
Finland,2005,0.0,32.405,2626.728,1239.023,1118.933,2140.65
Finland,2006,0.0,30.382,2181.819,3100.879,1524.804,2339.426
Finland,2007,0.0,35.926,2681.191,2626.357,1650.691,1996.712
Finland,2008,0.0,48.933,3220.186,1599.742,1264.737,2075.9
Finland,2009,0.0,52.446,2376.933,2084.733,1048.922,1839.36
Finland,2010,0.0,54.071,2408.974,2711.028,1409.585,2099.462
Finland,2011,1.856,89.084,2310.616,1815.086,1226.761,1753.841
Finland,2012,1.847,90.508,3114.226,1311.448,869.988,1243.104
Finland,2013,1.839,141.573,2360.783,1965.481,783.251,1248.42
Finland,2014,1.831,203.243,2453.567,1450.168,825.79,1010.723
Finland,2015,1.825,425.225,3060.522,934.399,777.449,948.999
Finland,2016,3.64,558.668,2875.228,1268.376,757.022,680.592
Finland,2017,9.077,871.437,2681.483,1063.879,728.013,599.113
Finland,2018,16.318,1058.841,2411.401,1049.776,917.42,761.495
Finland,2019,27.166,1090.276,2249.373,789.635,800.502,697.269
Finland,2020,39.787,1493.815,2871.886,441.272,613.079,721.588
France,2000,0.17,0.852,1104.227,460.237,206.254,196.197
France,2001,0.169,2.203,1230.539,347.032,183.852,256.715
France,2002,0.168,4.548,991.7,398.499,179.207,309.401
France,2003,0.167,6.53,960.182,439.658,196.724,324.302
France,2004,0.166,9.816,965.588,405.434,184.833,350.2
France,2005,0.165,15.865,828.622,454.635,211.039,381.259
France,2006,0.164,35.785,900.866,375.744,201.086,357.195
France,2007,0.326,66.363,912.939,398.667,191.425,358.556
France,2008,0.648,92.189,1007.113,373.617,172.227,354.498
France,2009,2.738,127.389,893.655,348.991,147.359,330.148
France,2010,9.929,159.181,980.069,374.092,168.309,380.497
France,2011,37.117,197.052,728.631,277.02,192.91,469.771
France,2012,70.238,240.68,948.607,340.249,193.59,360.702
France,2013,81.945,254.677,1135.546,376.41,175.574,290.36
France,2014,100.49,272.376,1002.854,177.076,177.076,206.956
France,2015,121.455,335.685,870.713,186.335,182.104,331.297
France,2016,135.335,334.118,950.784,159.87,175.811,546.497
France,2017,149.507,383.667,779.495,199.707,183.649,631.391
France,2018,169.888,444.944,1012.947,129.283,161.02,476.214
France,2019,191.46,539.132,883.699,56.522,163.82,610.406
France,2020,208.747,618.176,970.688,47.922,151.52,547.146
Georgia,2000,0.0,0.0,1359.85,0.0,0.0,344.652
Georgia,2001,0.0,0.0,1324.652,0.0,0.0,316.083
Georgia,2002,0.0,0.0,1649.788,0.0,0.0,113.269
Georgia,2003,0.0,0.0,1607.835,0.0,0.0,149.334
Georgia,2004,0.0,0.0,1501.682,0.0,0.0,205.572
Georgia,2005,0.0,0.0,1557.615,0.0,0.0,244.876
Georgia,2006,0.0,0.0,1337.107,0.0,0.0,470.275
Georgia,2007,0.0,0.0,1727.9,0.0,0.0,363.499
Georgia,2008,0.0,0.0,1827.461,0.0,0.0,311.88
Georgia,2009,0.0,0.0,1903.921,0.0,0.0,280.141
Georgia,2010,0.0,0.0,2416.055,0.0,0.0,185.048
Georgia,2011,0.0,0.0,2043.611,0.0,0.0,567.815
Georgia,2012,0.0,0.0,1879.424,0.0,0.0,609.827
Georgia,2013,0.0,0.0,2163.219,0.0,0.0,443.737
Georgia,2014,0.0,0.0,2185.875,0.0,0.0,506.063
Georgia,2015,0.0,0.0,2219.491,0.0,0.0,593.986
Georgia,2016,0.0,2.652,2450.206,0.0,0.0,556.865
Georgia,2017,0.0,23.861,2417.877,0.0,0.0,556.748
Georgia,2018,0.0,21.207,2611.123,0.0,0.0,527.526
Georgia,2019,0.0,23.868,2344.322,0.0,0.0,708.07
Georgia,2020,0.0,23.899,2190.704,0.0,0.0,748.823
Germany,2000,0.736,114.651,266.457,3637.938,221.332,643.641
Germany,2001,1.472,128.321,278.846,3603.528,251.734,716.804
Germany,2002,2.333,194.736,283.878,3678.627,227.52,669.299
Germany,2003,3.811,234.674,225.209,3744.831,267.374,792.041
Germany,2004,6.891,320.18,255.332,3676.415,269.483,794.545
Germany,2005,15.761,341.944,241.836,3547.99,301.063,915.749
Germany,2006,27.347,385.82,246.742,3559.224,294.662,950.752
Germany,2007,37.939,498.991,260.766,3659.596,311.392,985.664
Germany,2008,54.422,509.496,251.67,3388.556,301.905,1116.755
Germany,2009,80.974,485.106,234.185,3118.977,271.595,1015.867
Germany,2010,144.236,474.023,257.608,3232.582,311.589,1114.908
Germany,2011,240.717,612.355,217.014,3223.398,283.948,1075.612
Germany,2012,323.5,633.756,266.722,3387.431,290.145,956.52
Germany,2013,379.65,645.686,281.585,3528.378,297.133,845.366
Germany,2014,440.515,714.645,239.314,3352.235,284.27,764.731
Germany,2015,471.896,982.294,231.257,3316.55,297.539,772.115
Germany,2016,462.764,970.711,249.601,3179.223,295.148,1003.505
Germany,2017,476.857,1279.163,243.875,2919.962,291.681,1065.182
Germany,2018,524.267,1326.349,213.398,2752.341,276.247,1008.363
Germany,2019,533.746,1514.045,237.287,2061.982,261.22,1093.47
Germany,2020,594.031,1585.283,224.652,1615.284,245.053,1156.62
Greece,2000,0.0,40.768,334.296,3108.322,819.887,536.324
Greece,2001,0.0,68.64,189.665,3199.911,774.915,553.64
Greece,2002,0.0,58.576,252.329,3115.363,787.627,636.23
Greece,2003,0.0,91.805,429.324,3165.477,793.844,721.841
Greece,2004,0.0,100.764,420.15,3183.061,766.526,808.81
Greece,2005,0.0,114.276,451.705,3197.927,837.724,735.145
Greece,2006,0.0,153.069,527.638,2904.711,867.091,955.331
Greece,2007,0.0,164.09,233.512,3126.721,836.677,1276.654
Greece,2008,0.903,202.283,298.909,3012.565,903.95,1246.205
Greece,2009,4.523,229.75,483.922,3092.577,696.486,996.789
Greece,2010,14.501,245.609,677.012,2791.427,561.911,892.713
Greece,2011,55.431,301.688,364.389,2823.331,536.133,1278.541
Greece,2012,154.146,351.161,400.415,2837.563,550.0,1229.519
Greece,2013,334.418,379.312,581.795,2418.801,502.084,996.839
Greece,2014,348.892,339.686,412.41,2370.438,518.274,625.059
Greece,2015,360.889,427.515,564.468,2045.964,534.856,841.149
Greece,2016,365.59,479.081,515.361,1756.321,527.455,1392.592
Greece,2017,373.168,518.133,370.362,1754.545,513.457,1602.098
Greece,2018,356.428,592.48,539.815,1616.623,548.279,1325.086
Greece,2019,418.951,687.534,378.285,1146.205,554.188,1371.285
Greece,2020,423.316,885.635,317.725,628.791,453.757,1829.297
Hungary,2000,0.0,0.0,17.644,940.007,448.929,646.929
Hungary,2001,0.0,0.0,18.668,868.544,425.429,870.509
Hungary,2002,0.0,0.0,18.722,884.868,221.71,1058.294
Hungary,2003,0.0,0.0,16.802,906.3,171.97,1174.138
Hungary,2004,0.0,0.991,19.813,810.342,95.101,1161.028
Hungary,2005,0.0,0.993,19.854,696.876,64.526,1228.963
Hungary,2006,0.0,3.977,18.892,696.028,73.58,1308.533
Hungary,2007,0.0,10.955,20.914,733.978,79.672,1516.755
Hungary,2008,0.0,19.953,20.951,706.34,58.862,1514.44
Hungary,2009,0.0,32.972,22.98,633.456,82.929,1041.107
Hungary,2010,0.0,53.07,19.025,623.821,76.1,1161.53
Hungary,2011,0.0,63.296,22.103,651.044,40.188,1079.045
Hungary,2012,1.008,77.604,21.165,638.976,45.353,947.377
Hungary,2013,2.021,72.767,21.224,636.709,26.277,559.899
Hungary,2014,7.094,66.883,30.402,607.018,31.415,429.676
Hungary,2015,14.221,70.092,23.364,588.161,34.538,519.085
Hungary,2016,24.452,69.281,26.49,573.606,40.754,660.207
Hungary,2017,35.755,77.639,22.474,503.63,45.97,803.969
Hungary,2018,64.441,62.395,22.503,477.683,49.098,744.653
Hungary,2019,153.503,74.705,22.514,412.411,48.098,890.317
Hungary,2020,252.293,66.663,24.614,380.491,41.023,932.253
Iceland,2000,0.0,0.0,22347.043,0.0,0.0,0.0
Iceland,2001,0.0,0.0,22822.486,0.0,0.0,0.0
Iceland,2002,0.0,0.0,24009.811,0.0,34.746,0.0
Iceland,2003,0.0,0.0,24223.1,0.0,34.506,0.0
Iceland,2004,0.0,0.0,24147.979,0.0,34.204,0.0
Iceland,2005,0.0,0.0,23397.758,0.0,33.666,0.0
Iceland,2006,0.0,0.0,23743.283,0.0,32.885,0.0
Iceland,2007,0.0,0.0,26646.66,0.0,0.0,0.0
Iceland,2008,0.0,0.0,38713.09,0.0,0.0,0.0
Iceland,2009,0.0,0.0,38141.961,0.0,0.0,0.0
Iceland,2010,0.0,0.0,39296.867,0.0,0.0,0.0
Iceland,2011,0.0,0.0,38771.344,0.0,0.0,0.0
Iceland,2012,0.0,0.0,38038.805,0.0,0.0,0.0
Iceland,2013,0.0,0.0,39347.48,0.0,0.0,0.0
Iceland,2014,0.0,30.52,38303.07,0.0,0.0,0.0
Iceland,2015,0.0,30.205,40897.941,0.0,0.0,0.0
Iceland,2016,0.0,29.791,38995.82,0.0,0.0,0.0
Iceland,2017,0.0,29.1,40420.09,0.0,0.0,0.0
Iceland,2018,0.0,0.0,38758.922,0.0,0.0,0.0
Iceland,2019,0.0,27.717,36947.008,0.0,0.0,0.0
Iceland,2020,0.0,27.272,35234.891,0.0,0.0,0.0
Ireland,2000,0.0,63.678,225.527,1809.521,1700.737,2456.915
Ireland,2001,0.0,86.184,156.698,1843.814,1932.61,2389.646
Ireland,2002,0.0,100.147,233.678,1751.297,1491.941,2781.019
Ireland,2003,0.0,113.674,151.565,1566.168,1131.683,3294.006
Ireland,2004,0.0,161.212,156.252,1545.154,1165.686,3199.436
Ireland,2005,0.0,269.338,152.867,1550.512,1404.924,2807.421
Ireland,2006,0.0,382.544,170.019,1388.492,1173.607,3256.345
Ireland,2007,0.0,449.558,153.675,1247.752,931.227,3683.62
Ireland,2008,0.0,541.282,217.86,1154.435,1001.709,3755.284
Ireland,2009,0.0,657.807,200.009,888.929,788.924,3622.385
Ireland,2010,0.0,621.052,132.609,784.603,614.422,4002.581
Ireland,2011,0.0,963.802,156.233,866.981,519.309,3395.31
Ireland,2012,0.0,878.509,175.264,1099.78,595.897,3097.786
Ireland,2013,0.0,989.359,130.752,932.7,551.339,2861.296
Ireland,2014,0.0,1112.033,153.608,856.741,610.104,2734.649
Ireland,2015,0.0,1408.13,173.605,1043.773,642.982,2651.227
Ireland,2016,2.121,1304.129,144.196,996.651,568.303,3250.78
Ireland,2017,2.096,1559.141,144.598,762.805,515.522,3285.93
Ireland,2018,4.137,1787.153,142.724,444.72,523.321,3313.679
Ireland,2019,8.17,2046.56,181.78,104.166,510.619,3249.577
Ireland,2020,12.131,2335.162,188.026,135.46,323.486,3283.38
Italy,2000,0.351,9.83,775.896,461.325,1591.113,1779.294
Italy,2001,0.351,20.704,821.3,556.716,1417.844,1828.055
Italy,2002,0.35,24.515,692.027,620.758,1638.837,1740.75
Italy,2003,0.348,25.424,638.57,675.836,1435.085,2042.658
Italy,2004,0.518,31.973,731.758,786.718,1133.585,2244.011
Italy,2005,0.515,40.206,619.761,749.314,933.851,2565.813
Italy,2006,0.685,50.83,633.066,756.633,918.708,2706.491
Italy,2007,0.681,68.563,558.368,750.445,725.946,2938.32
Italy,2008,3.208,82.061,702.753,727.236,650.072,2917.218
Italy,2009,11.417,109.8,825.011,667.195,524.152,2474.026
Italy,2010,31.928,152.618,854.529,664.132,474.571,2554.392
Italy,2011,179.922,164.262,763.336,745.178,457.302,2408.958
Italy,2012,313.34,222.794,695.629,816.413,431.632,2145.534
Italy,2013,357.968,247.046,874.942,747.771,349.181,1805.759
Italy,2014,369.844,251.646,970.612,720.292,325.747,1552.647
Italy,2015,380.855,246.377,756.065,717.216,298.508,1840.854
Italy,2016,367.607,294.252,705.771,592.329,289.594,2098.684
Italy,2017,406.306,295.647,603.293,543.797,274.148,2339.177
Italy,2018,378.273,295.938,814.831,475.471,266.378,2147.053
Italy,2019,396.632,338.2,775.517,315.43,250.804,2372.424
Italy,2020,419.156,315.291,799.152,224.872,236.804,2247.037
Latvia,2000,0.0,0.0,1178.666,0.0,79.414,472.302
Latvia,2001,0.0,0.0,1199.531,0.0,59.341,551.021
Latvia,2002,0.0,4.299,1057.541,0.0,77.381,563.162
Latvia,2003,0.0,21.793,989.39,0.0,43.585,666.858
Latvia,2004,0.0,22.09,1374.007,0.0,26.508,631.778
Latvia,2005,0.0,22.39,1491.157,0.0,4.478,667.214
Latvia,2006,0.0,22.687,1225.092,0.0,0.0,952.849
Latvia,2007,0.0,22.977,1254.562,0.0,9.191,882.329
Latvia,2008,0.0,27.902,1446.235,0.0,0.0,957.956
Latvia,2009,0.0,23.515,1627.264,0.0,0.0,945.318
Latvia,2010,0.0,23.792,1674.965,0.0,0.0,1422.768
Latvia,2011,0.0,33.703,1391.447,0.0,0.0,1449.224
Latvia,2012,0.0,53.564,1806.553,0.0,0.0,1003.099
Latvia,2013,0.0,59.07,1432.445,0.0,0.0,1314.306
Latvia,2014,0.0,69.616,989.538,0.0,0.0,1163.577
Latvia,2015,0.0,75.303,933.758,0.0,0.0,1385.576
Latvia,2016,0.0,65.874,1282.001,0.0,0.0,1489.756
Latvia,2017,0.0,76.732,2240.569,0.0,0.0,1058.899
Latvia,2018,0.0,61.995,1255.404,0.0,5.166,1663.539
Latvia,2019,0.0,78.266,1100.935,0.0,0.0,1695.754
Latvia,2020,0.0,94.884,1370.544,0.0,0.0,1096.435
Lithuania,2000,0.0,0.0,94.454,0.0,180.574,450.045
Lithuania,2001,0.0,0.0,92.693,0.0,202.239,528.068
Lithuania,2002,0.0,0.0,99.551,0.0,156.437,600.148
Lithuania,2003,0.0,0.0,92.227,0.0,95.11,726.291
Lithuania,2004,0.0,0.0,122.714,0.0,105.183,785.954
Lithuania,2005,0.0,0.0,133.391,0.0,118.57,895.203
Lithuania,2006,0.0,3.009,120.375,0.0,99.31,740.309
Lithuania,2007,0.0,33.614,128.346,0.0,128.346,733.403
Lithuania,2008,0.0,40.318,124.055,0.0,176.778,629.578
Lithuania,2009,0.0,50.307,132.055,0.0,232.669,660.277
Lithuania,2010,0.0,70.086,172.028,0.0,207.071,1016.24
Lithuania,2011,0.0,151.623,154.849,0.0,67.746,861.346
Lithuania,2012,0.0,176.278,137.105,0.0,78.346,940.15
Lithuania,2013,16.512,198.138,171.72,0.0,75.953,733.111
Lithuania,2014,23.373,213.695,133.559,0.0,66.78,584.321
Lithuania,2015,23.619,273.301,118.093,0.0,114.719,668.069
Lithuania,2016,23.861,388.591,153.391,0.0,109.078,337.461
Lithuania,2017,24.101,468.247,206.579,0.0,75.746,206.579
Lithuania,2018,31.292,396.366,149.507,0.0,76.492,114.738
Lithuania,2019,31.589,526.485,122.847,0.0,52.649,182.515
Lithuania,2020,46.095,549.593,106.373,0.0,92.19,602.779
Luxembourg,2000,0.0,45.91,275.461,0.0,68.865,482.056
Luxembourg,2001,0.0,45.325,271.952,0.0,67.988,1518.4
Luxembourg,2002,0.0,44.851,224.255,0.0,67.277,5875.493
Luxembourg,2003,0.0,66.467,177.246,0.0,66.467,5804.795
Luxembourg,2004,21.844,87.375,218.437,0.0,65.531,6880.764
Luxembourg,2005,43.023,107.557,193.603,0.0,64.534,6690.071
Luxembourg,2006,42.337,127.01,232.853,0.0,84.674,6879.733
Luxembourg,2007,41.677,125.032,250.064,0.0,83.355,6022.377
Luxembourg,2008,40.93,122.789,266.043,0.0,81.859,4911.561
Luxembourg,2009,40.171,120.512,220.939,0.0,80.341,5704.231
Luxembourg,2010,39.442,118.326,216.93,0.0,98.605,5758.517
Luxembourg,2011,57.892,115.784,115.784,0.0,115.784,4515.57
Luxembourg,2012,75.387,150.774,188.467,0.0,113.08,4504.369
Luxembourg,2013,128.897,147.311,220.967,0.0,110.483,2614.774
Luxembourg,2014,161.849,143.865,197.815,0.0,107.899,2607.562
Luxembourg,2015,175.619,175.619,175.619,0.0,122.933,1475.198
Luxembourg,2016,171.422,171.422,205.707,0.0,119.996,445.698
Luxembourg,2017,184.474,385.718,150.933,0.0,134.163,368.948
Luxembourg,2018,197.394,411.238,148.046,0.0,131.596,328.991
Luxembourg,2019,209.684,451.627,177.425,0.0,129.036,306.461
Luxembourg,2020,253.807,555.202,142.766,0.0,111.04,285.533
Moldova,2000,0.0,0.0,91.731,667.988,0.0,489.231
Moldova,2001,0.0,0.0,85.704,726.104,0.0,530.889
Moldova,2002,0.0,0.0,84.385,754.645,0.0,552.121
Moldova,2003,0.0,0.0,87.934,788.963,0.0,576.456
Moldova,2004,0.0,0.0,86.484,778.355,0.0,568.323
Moldova,2005,0.0,0.0,89.969,809.721,0.0,592.296
Moldova,2006,0.0,0.0,93.843,836.98,0.0,611.249
Moldova,2007,0.0,0.0,90.28,822.834,0.0,603.583
Moldova,2008,0.0,0.0,99.674,852.477,0.0,624.275
Moldova,2009,0.0,0.0,93.346,898.787,0.0,658.755
Moldova,2010,0.0,0.0,108.749,897.181,0.0,655.214
Moldova,2011,0.0,0.0,97.354,873.403,0.0,639.753
Moldova,2012,0.0,0.0,76.985,909.558,0.0,667.199
Moldova,2013,0.0,0.0,90.735,708.321,0.0,518.069
Moldova,2014,0.0,0.0,95.856,874.687,0.0,641.038
Moldova,2015,0.0,0.0,79.331,1016.052,0.0,744.495
Moldova,2016,0.0,0.0,71.315,1004.612,0.0,734.855
Moldova,2017,0.0,3.144,88.036,845.775,0.0,619.397
Moldova,2018,0.0,6.366,85.937,932.575,0.0,684.313
Moldova,2019,0.0,12.864,96.479,990.514,0.0,726.806
Moldova,2020,0.0,16.208,90.766,1092.436,0.0,800.688
Montenegro,2005,0.0,0.0,2954.723,1580.066,0.0,0.0
Montenegro,2006,0.0,0.0,2766.575,1897.08,0.0,0.0
Montenegro,2007,0.0,0.0,2025.538,1360.908,0.0,0.0
Montenegro,2008,0.0,0.0,2438.735,2042.836,0.0,0.0
Montenegro,2009,0.0,0.0,3279.535,1093.178,0.0,0.0
Montenegro,2010,0.0,0.0,4357.831,2012.525,0.0,0.0
Montenegro,2011,0.0,0.0,1899.332,2295.026,0.0,0.0
Montenegro,2012,0.0,0.0,2337.877,2164.116,0.0,0.0
Montenegro,2013,0.0,0.0,3943.522,2271.469,0.0,0.0
Montenegro,2014,0.0,0.0,2758.943,2238.685,0.0,0.0
Montenegro,2015,0.0,0.0,2350.273,2381.82,0.0,0.0
Montenegro,2016,0.0,0.0,2905.581,2052.856,0.0,0.0
Montenegro,2017,0.0,158.117,1612.788,2150.385,0.0,0.0
Montenegro,2018,0.0,221.709,3341.468,2454.633,0.0,0.0
Montenegro,2019,0.0,475.886,2585.648,2379.43,0.0,0.0
Montenegro,2020,0.0,508.697,2305.034,2575.279,0.0,0.0
Netherlands,2000,0.629,52.204,8.806,1527.127,420.778,3240.427
Netherlands,2001,0.626,51.935,7.509,1594.33,431.12,3364.488
Netherlands,2002,1.246,59.164,6.851,1618.604,410.412,3442.726
Netherlands,2003,1.86,81.847,4.34,1647.489,435.899,3411.548
Netherlands,2004,1.852,115.46,5.557,1540.5,429.117,3703.993
Netherlands,2005,2.46,127.292,5.534,1445.101,437.835,3542.036
Netherlands,2006,2.45,167.221,6.738,1454.151,385.283,3500.008
Netherlands,2007,2.44,209.868,6.711,1520.325,444.14,3722.112
Netherlands,2008,2.43,258.797,6.075,1426.421,416.748,3849.15
Netherlands,2009,2.419,276.968,6.047,1468.294,322.323,4164.802
Netherlands,2010,3.611,240.114,6.018,1359.441,362.879,4533.276
Netherlands,2011,5.987,305.362,3.592,1280.726,388.589,4159.514
Netherlands,2012,11.319,296.688,5.958,1442.334,352.69,3369.616
Netherlands,2013,24.307,333.781,6.521,1459.032,345.638,3324.173
Netherlands,2014,43.057,342.101,6.488,1739.404,381.619,3038.797
Netherlands,2015,65.137,443.046,5.281,2311.469,345.048,2685.271
Netherlands,2016,93.433,477.094,5.84,2144.879,341.616,3066.365
Netherlands,2017,127.853,614.278,3.487,1817.843,334.744,3357.315
Netherlands,2018,214.624,610.319,4.05,1589.143,362.142,3328.119
Netherlands,2019,311.001,662.894,4.032,1019.97,330.007,4068.937
Netherlands,2020,491.552,876.42,2.868,436.489,332.099,4161.275
North Macedonia,2000,0.0,0.0,574.109,2556.503,210.997,0.0
North Macedonia,2001,0.0,0.0,306.81,2712.586,82.79,0.0
North Macedonia,2002,0.0,0.0,368.085,2479.732,101.708,0.0
North Macedonia,2003,0.0,0.0,661.468,2578.278,9.656,0.0
North Macedonia,2004,0.0,0.0,712.951,2485.694,9.634,0.0
North Macedonia,2005,0.0,0.0,716.806,2617.062,4.811,0.0
North Macedonia,2006,0.0,0.0,792.857,2455.455,120.13,0.0
North Macedonia,2007,0.0,0.0,484.763,2404.615,230.382,0.0
North Macedonia,2008,0.0,0.0,402.641,2535.677,86.28,0.0
North Macedonia,2009,0.0,0.0,607.716,2536.136,119.629,0.0
North Macedonia,2010,0.0,0.0,1160.554,2263.796,28.656,14.328
North Macedonia,2011,0.0,0.0,681.891,2465.297,33.379,42.916
North Macedonia,2012,0.0,0.0,495.359,2300.563,42.868,142.892
North Macedonia,2013,4.757,0.0,751.586,1917.021,52.326,171.248
North Macedonia,2014,4.75,33.25,574.742,1776.475,71.249,94.999
North Macedonia,2015,9.488,56.927,887.112,1565.491,66.415,85.39
North Macedonia,2016,9.478,52.128,900.391,1369.542,47.389,270.117
North Macedonia,2017,9.47,52.084,525.573,1605.127,42.614,392.996
North Macedonia,2018,9.463,47.315,846.938,1348.476,23.657,354.862
North Macedonia,2019,9.46,47.3,548.677,1660.222,28.38,454.078
North Macedonia,2020,9.474,56.843,606.325,1245.809,42.632,540.008
Norway,2000,0.0,6.68,31577.279,8.906,15.586,46.758
Norway,2001,0.0,6.646,26685.754,8.861,31.014,53.168
Norway,2002,0.0,17.627,28505.42,8.814,39.661,44.068
Norway,2003,0.0,48.191,23105.398,8.762,48.191,65.715
Norway,2004,0.0,54.439,23687.559,8.71,39.196,80.57
Norway,2005,0.0,108.139,29346.686,8.651,34.604,82.185
Norway,2006,0.0,137.307,25609.939,8.582,38.618,100.835
Norway,2007,0.0,188.976,28380.438,8.493,42.467,161.373
Norway,2008,0.0,190.83,29157.074,8.388,39.844,92.269
Norway,2009,0.0,202.932,25942.213,8.283,28.99,875.922
Norway,2010,0.0,179.968,23874.445,8.18,57.263,981.646
Norway,2011,0.0,258.4,24281.502,8.075,113.05,748.956
Norway,2012,0.0,308.823,28236.373,7.97,133.491,446.299
Norway,2013,0.0,370.03,25221.098,7.873,145.65,407.427
Norway,2014,0.0,432.081,26366.67,7.785,144.027,432.081
Norway,2015,0.0,485.516,26452.9,7.707,144.499,423.863
Norway,2016,0.0,404.844,27271.561,7.639,137.494,422.03
Norway,2017,0.0,540.039,26977.318,7.579,157.275,390.344
Norway,2018,0.0,730.378,26161.822,7.53,139.299,410.367
Norway,2019,1.87,1032.107,23426.201,7.479,123.404,385.17
Norway,2020,26.023,1842.063,26357.68,7.435,102.234,299.266
Poland,2000,0.0,0.0,54.799,3529.204,104.663,24.153
Poland,2001,0.0,0.259,60.265,3490.947,119.236,35.176
Poland,2002,0.0,1.552,58.995,3439.811,118.507,56.925
Poland,2003,0.0,3.107,43.24,3642.01,121.176,62.659
Poland,2004,0.0,3.627,53.892,3656.333,122.292,83.428
Poland,2005,0.0,3.629,57.03,3677.943,107.839,133.762
Poland,2006,0.0,6.745,52.922,3813.768,118.556,118.815
Poland,2007,0.0,13.499,61.004,3738.396,119.153,116.298
Poland,2008,0.0,21.805,55.811,3605.389,115.775,121.486
Poland,2009,0.0,28.012,61.73,3459.448,109.713,124.237
Poland,2010,0.0,43.008,75.653,3536.771,124.62,124.361
Poland,2011,0.0,82.857,60.33,3618.771,111.339,150.696
Poland,2012,0.0,122.975,52.814,3483.935,101.486,162.068
Poland,2013,0.0,155.411,63.2,3567.196,99.981,136.503
Poland,2014,0.259,199.057,56.503,3357.016,95.382,138.148
Poland,2015,1.556,281.689,47.467,3385.457,120.353,165.745
Poland,2016,3.114,326.741,55.538,3382.115,133.136,203.207
Poland,2017,4.412,386.943,66.437,3403.852,119.638,260.298
Poland,2018,7.788,332.282,51.14,3389.279,121.491,327.869
Poland,2019,18.445,392.533,50.918,3069.082,120.54,384.479
Poland,2020,51.004,411.155,55.168,2794.811,109.815,449.928
Portugal,2000,0.0,16.504,1098.962,1417.389,851.404,693.161
Portugal,2001,0.0,25.068,1352.704,1312.21,926.549,695.153
Portugal,2002,0.0,34.513,747.777,1458.166,1118.79,866.655
Portugal,2003,0.0,47.74,1500.953,1387.331,625.397,739.019
Portugal,2004,0.0,78.084,939.864,1415.033,567.537,1113.172
Portugal,2005,0.0,168.198,449.478,1447.263,863.796,1293.319
Portugal,2006,0.0,277.885,1043.253,1418.824,526.368,1170.34
Portugal,2007,1.893,382.375,954.991,1173.626,488.38,1241.772
Portugal,2008,3.78,544.374,642.664,1058.505,419.622,1436.542
Portugal,2009,15.107,715.679,781.771,1217.976,338.012,1388.87
Portugal,2010,19.833,866.986,1525.254,670.545,315.44,1407.2
Portugal,2011,26.503,867.028,1092.304,932.34,283.961,1412.234
Portugal,2012,37.065,975.092,534.115,1244.05,231.893,1014.058
Portugal,2013,45.869,1147.686,1312.05,1131.44,190.166,690.905
Portugal,2014,60.528,1163.486,1495.91,1148.114,154.683,656.202
Portugal,2015,77.18,1120.069,835.469,1421.069,155.324,1018.77
Portugal,2016,84.198,1206.842,1521.376,1222.327,156.783,1217.488
Portugal,2017,96.046,1188.452,572.397,1423.232,151.346,1832.641
Portugal,2018,98.155,1226.453,1204.101,1167.172,134.113,1517.031
Portugal,2019,130.225,1328.484,857.149,537.419,148.689,1677.37
Portugal,2020,167.02,1194.385,1173.022,229.167,142.744,1709.039
Romania,2000,0.0,0.0,674.274,863.143,155.11,410.586
Romania,2001,0.0,0.0,684.479,903.77,248.193,370.224
Romania,2002,0.0,0.0,741.219,937.953,165.331,414.251
Romania,2003,0.0,0.0,617.28,1086.525,168.984,451.555
Romania,2004,0.0,0.0,775.507,1008.958,116.96,491.327
Romania,2005,0.0,0.0,958.171,1038.769,100.511,455.617
Romania,2006,0.0,0.0,878.074,1202.808,82.738,565.774
Romania,2007,0.0,0.0,769.853,1209.975,62.668,557.264
Romania,2008,0.0,0.0,835.052,1253.549,36.898,481.611
Romania,2009,0.0,0.489,758.808,1062.233,51.792,372.808
Romania,2010,0.0,15.244,977.615,1016.955,36.882,357.016
Romania,2011,0.0,68.743,728.476,1225.502,39.07,413.446
Romania,2012,0.497,131.101,599.391,1137.204,37.741,433.031
Romania,2013,20.93,225.25,745.519,844.191,28.904,461.464
Romania,2014,81.017,310.065,940.196,888.185,26.506,405.084
Romania,2015,99.467,354.666,835.423,910.777,28.634,471.715
Romania,2016,91.929,332.865,910.706,802.109,40.408,487.427
Romania,2017,94.422,376.164,735.576,851.826,36.043,541.148
Romania,2018,90.275,322.338,900.709,798.193,35.702,536.549
Romania,2019,91.169,346.749,797.984,697.083,36.365,458.405
Romania,2020,88.982,357.473,791.069,481.431,37.033,486.574
Russia,2000,0.0,0.0,1117.37,1129.219,212.81,2381.629
Russia,2001,0.0,0.0,1189.177,1090.433,193.934,2434.087
Russia,2002,0.0,0.069,1114.224,1105.157,177.828,2496.048
Russia,2003,0.0,0.069,1074.602,1119.653,176.272,2644.627
Russia,2004,0.0,0.069,1217.981,1049.714,156.075,2757.464
Russia,2005,0.0,0.07,1200.834,1085.605,139.221,2882.544
Russia,2006,0.0,0.0,1209.374,1176.514,160.389,3012.795
Russia,2007,0.0,0.07,1237.094,1118.45,113.473,3204.496
Russia,2008,0.0,0.0,1151.471,1296.558,106.16,3260.195
Russia,2009,0.0,0.0,1216.65,1081.42,105.544,3090.589
Russia,2010,0.0,0.0,1162.224,1093.739,61.295,3427.681
Russia,2011,0.0,0.0,1156.771,1081.23,180.031,3415.768
Russia,2012,0.0,0.0,1155.056,1109.731,184.363,3451.384
Russia,2013,0.0,0.0,1258.363,1060.943,57.031,3473.541
Russia,2014,1.109,0.693,1214.748,1035.312,70.0,3489.204
Russia,2015,2.35,1.037,1161.207,1033.882,65.875,3454.521
Russia,2016,3.17,1.034,1272.215,1113.989,71.257,3390.551
Russia,2017,3.85,0.963,1271.961,1133.153,45.238,3361.784
Russia,2018,4.943,1.579,1312.303,1151.853,51.836,3415.738
Russia,2019,8.783,2.264,1336.057,1218.521,55.372,3328.684
Russia,2020,13.872,8.515,1459.922,1139.425,53.016,3013.24
Serbia,2000,0.0,0.0,1237.551,2700.685,39.067,49.149
Serbia,2001,0.0,0.0,1249.086,2760.871,40.415,63.149
Serbia,2002,0.0,0.0,1256.283,2854.153,31.628,63.257
Serbia,2003,0.0,0.0,1108.087,3132.818,34.232,68.463
Serbia,2004,0.0,0.0,1350.561,3273.394,19.076,86.477
Serbia,2005,0.0,0.0,1457.04,2985.591,95.774,40.864
Serbia,2006,0.0,0.0,1327.81,3209.835,48.75,15.395
Serbia,2007,0.0,0.0,1219.358,3295.875,65.737,55.425
Serbia,2008,0.0,0.0,1237.893,3454.705,22.013,53.09
Serbia,2009,0.0,0.0,1370.961,3492.439,19.511,22.112
Serbia,2010,0.0,0.0,1553.487,3268.986,23.518,43.116
Serbia,2011,0.0,0.0,1137.657,3767.259,18.37,65.609
Serbia,2012,0.0,0.0,1223.76,3467.101,11.856,63.23
Serbia,2013,0.0,0.0,1348.016,3788.983,5.286,39.648
Serbia,2014,1.326,0.0,1458.119,2933.471,6.628,30.488
Serbia,2015,1.33,0.0,1340.515,3611.942,13.299,29.257
Serbia,2016,1.335,4.004,1439.955,3635.253,17.349,50.712
Serbia,2017,1.34,6.698,1225.739,3544.597,18.754,73.678
Serbia,2018,1.345,20.178,1431.295,3365.697,20.178,80.712
Serbia,2019,1.351,121.604,1278.196,3456.263,13.512,90.528
Serbia,2020,1.359,133.188,1227.234,3596.081,6.795,69.312
Slovakia,2000,0.0,0.0,857.403,1037.811,141.351,621.199
Slovakia,2001,0.0,0.0,916.961,1082.497,210.176,502.189
Slovakia,2002,0.0,0.0,980.428,958.103,213.945,466.959
Slovakia,2003,0.0,0.0,647.516,1108.965,215.839,446.563
Slovakia,2004,0.0,1.86,762.8,1056.758,221.398,450.238
Slovakia,2005,0.0,1.86,863.055,1030.458,225.064,405.487
Slovakia,2006,0.0,1.86,818.264,987.496,217.584,355.201
Slovakia,2007,0.0,1.859,827.387,892.462,213.819,301.206
Slovakia,2008,0.0,1.858,750.7,867.765,219.264,299.165
Slovakia,2009,0.0,1.856,810.921,716.283,196.699,365.564
Slovakia,2010,3.706,1.853,974.719,659.696,209.398,409.53
Slovakia,2011,74.037,0.0,699.652,657.081,203.602,583.043
Slovakia,2012,77.644,1.849,757.956,630.398,188.565,526.872
Slovakia,2013,108.962,1.847,895.703,566.97,166.213,441.387
Slovakia,2014,110.71,1.845,776.814,529.562,149.458,298.917
Slovakia,2015,94.019,1.844,713.437,521.712,167.759,294.961
Slovakia,2016,97.584,1.841,802.768,515.539,176.756,279.864
Slovakia,2017,93.76,1.838,794.203,549.691,185.682,307.018
Slovakia,2018,106.486,1.836,659.109,552.624,192.776,341.488
Slovakia,2019,108.179,1.834,799.423,429.048,155.851,562.897
Slovakia,2020,120.953,0.0,828.342,340.867,144.777,654.244
Slovenia,2000,0.0,0.0,1930.114,2323.192,25.197,146.144
Slovenia,2001,0.0,0.0,1916.782,2481.729,65.574,151.325
Slovenia,2002,0.0,0.0,1668.541,2671.682,35.286,146.186
Slovenia,2003,0.0,0.0,1487.876,2568.597,30.16,185.985
Slovenia,2004,0.0,0.0,2048.348,2599.249,25.041,180.295
Slovenia,2005,0.0,0.0,1725.875,2628.718,24.94,169.595
Slovenia,2006,0.0,0.0,1782.897,2696.693,29.798,183.753
Slovenia,2007,0.0,0.0,1616.227,2708.54,14.828,222.417
Slovenia,2008,0.0,0.0,1976.365,2620.405,9.833,235.984
Slovenia,2009,0.0,0.0,2302.528,2507.849,14.666,288.427
Slovenia,2010,4.861,0.0,2197.061,2571.339,4.861,267.341
Slovenia,2011,33.891,0.0,1723.589,2570.86,9.683,237.236
Slovenia,2012,77.318,0.0,1884.636,2483.854,9.665,256.117
Slovenia,2013,106.158,0.0,2234.153,2349.962,4.825,246.095
Slovenia,2014,125.306,0.0,2935.049,1812.115,24.097,178.32
Slovenia,2015,129.754,4.806,1830.969,2104.894,9.611,192.228
Slovenia,2016,129.185,4.785,2153.089,2397.106,9.569,200.955
Slovenia,2017,133.435,4.766,1844.266,2296.993,9.531,228.746
Slovenia,2018,118.712,4.748,2231.792,2193.804,9.497,227.928
Slovenia,2019,141.985,4.733,2120.303,2120.303,4.733,255.572
Slovenia,2020,174.722,4.722,2328.054,2058.888,9.444,273.889
Spain,2000,0.245,116.097,693.639,1941.257,612.395,495.316
Spain,2001,0.488,165.013,998.134,1715.306,645.162,570.223
Spain,2002,0.482,225.182,511.601,1957.199,726.897,780.902
Spain,2003,0.474,285.814,958.554,1769.584,605.49,932.27
Spain,2004,0.466,365.459,723.469,1841.262,590.088,1290.978
Spain,2005,1.145,484.83,420.965,1809.759,608.442,1808.615
Spain,2006,2.701,524.505,584.384,1502.381,577.856,2038.817
Spain,2007,11.493,609.339,603.592,1608.99,453.744,2095.223
Spain,2008,56.128,716.826,508.196,1059.684,435.969,2627.998
Spain,2009,130.694,822.123,569.577,774.46,453.548,2323.812
Spain,2010,154.382,950.555,908.256,543.88,391.001,2036.598
Spain,2011,201.159,918.483,654.836,941.167,355.88,1829.904
Spain,2012,256.009,1058.044,439.515,1177.815,362.52,1567.924
Spain,2013,281.095,1194.117,791.143,857.018,339.889,1234.672
Spain,2014,294.203,1119.348,843.008,942.869,350.59,1017.335
Spain,2015,298.505,1062.429,606.056,1106.365,416.098,1130.702
Spain,2016,293.502,1052.217,783.245,783.891,401.736,1136.781
Spain,2017,309.118,1054.65,393.267,968.784,381.245,1374.716
Spain,2018,272.268,1087.792,733.672,797.999,360.959,1239.527
Spain,2019,320.381,1180.742,523.006,272.854,317.835,1776.099
Spain,2020,436.409,1191.627,644.163,116.545,261.381,1472.432
Sweden,2000,0.0,51.854,8858.035,184.871,298.725,54.109
Sweden,2001,0.0,53.952,8886.394,211.313,437.238,44.96
Sweden,2002,0.0,68.34,7434.452,265.516,505.265,62.738
Sweden,2003,0.0,75.88,5974.442,318.027,631.59,81.46
Sweden,2004,0.0,95.51,6676.837,112.169,469.777,86.626
Sweden,2005,0.0,103.847,8042.654,71.809,387.771,66.286
Sweden,2006,0.0,107.636,6778.899,96.653,412.972,65.9
Sweden,2007,0.0,156.041,7219.339,70.928,320.811,90.569
Sweden,2008,0.0,216.702,7483.789,55.259,375.977,67.177
Sweden,2009,1.075,267.701,7079.569,54.83,274.152,167.716
Sweden,2010,1.066,372.0,7077.592,108.722,490.315,310.178
Sweden,2011,1.056,645.374,7016.722,69.713,367.578,166.889
Sweden,2012,2.093,749.269,8259.746,50.23,281.499,96.275
Sweden,2013,4.146,1019.802,6359.251,67.365,246.659,88.093
Sweden,2014,5.13,1152.089,6541.16,37.958,219.543,43.088
Sweden,2015,10.153,1656.963,7646.194,39.597,234.533,45.688
Sweden,2016,14.066,1555.26,6231.085,26.122,273.276,68.319
Sweden,2017,22.867,1750.812,6476.313,31.815,280.368,32.809
Sweden,2018,40.345,1635.457,6121.646,33.457,289.305,37.393
Sweden,2019,66.226,1933.205,6366.43,20.452,277.563,28.243
Sweden,2020,101.264,2655.038,6981.408,0.0,225.673,9.644
Switzerland,2000,1.392,0.0,4713.138,0.0,366.191,0.0
Switzerland,2001,1.384,0.0,5300.085,0.0,376.501,0.0
Switzerland,2002,1.374,0.0,4441.708,0.0,383.427,0.0
Switzerland,2003,2.728,0.0,4358.366,0.0,390.139,0.0
Switzerland,2004,2.71,1.355,4191.757,0.0,395.602,0.0
Switzerland,2005,2.692,1.346,3858.147,0.0,399.815,0.0
Switzerland,2006,2.676,1.338,3781.933,0.0,414.715,0.0
Switzerland,2007,3.978,2.652,4290.691,0.0,399.103,0.0
Switzerland,2008,3.928,2.618,4347.833,0.0,397.995,0.0
Switzerland,2009,6.465,2.586,4244.672,0.0,387.877,0.0
Switzerland,2010,11.505,5.113,4251.868,0.0,424.42,0.0
Switzerland,2011,21.489,8.848,3780.817,0.0,422.198,0.0
Switzerland,2012,37.52,11.256,4474.884,0.0,438.984,0.0
Switzerland,2013,61.817,11.127,4405.09,0.0,430.247,0.0
Switzerland,2014,102.592,12.213,4289.312,0.0,411.588,0.0
Switzerland,2015,135.237,13.282,4272.052,0.0,402.09,0.0
Switzerland,2016,158.846,13.138,3819.464,0.0,440.707,0.0
Switzerland,2017,198.777,15.382,3724.7,0.0,434.233,0.0
Switzerland,2018,229.023,14.094,3770.07,0.0,415.765,0.0
Switzerland,2019,254.21,17.492,4100.008,0.0,417.464,0.0
Switzerland,2020,300.974,17.364,4383.808,0.0,419.049,0.0
Turkey,2000,0.0,0.468,481.645,582.248,145.055,725.9
Turkey,2001,0.0,0.922,368.976,579.973,159.823,763.923
Turkey,2002,0.0,0.758,510.391,476.294,159.118,796.046
Turkey,2003,0.0,0.897,528.36,469.886,134.595,950.24
Turkey,2004,0.0,0.885,679.796,495.242,111.972,918.639
Turkey,2005,0.0,0.873,575.797,614.223,89.222,1069.505
Turkey,2006,0.0,1.868,635.62,655.304,76.866,1159.317
Turkey,2007,0.0,5.109,508.735,742.597,107.707,1348.539
Turkey,2008,0.0,11.918,466.484,790.514,123.807,1383.609
Turkey,2009,0.0,20.768,497.884,750.841,86.534,1330.552
Turkey,2010,0.0,39.893,707.695,729.145,52.326,1340.795
Turkey,2011,0.0,63.634,705.639,870.792,34.379,1402.785
Turkey,2012,0.0,77.845,768.623,881.141,44.369,1388.198
Turkey,2013,0.0,98.725,775.96,808.607,47.143,1372.752
Turkey,2014,0.256,109.074,520.278,951.07,52.873,1543.68
Turkey,2015,2.386,146.272,843.104,931.369,53.235,1245.76
Turkey,2016,12.836,191.559,829.801,1115.659,47.273,1101.341
Turkey,2017,35.205,218.054,709.223,1161.898,40.444,1345.965
Turkey,2018,94.192,240.915,723.832,1344.776,27.171,1116.783
Turkey,2019,110.803,260.297,1063.946,1331.669,24.796,686.258
Turkey,2020,130.147,295.119,928.146,1236.34,25.316,843.046
Ukraine,2000,0.0,0.205,230.566,1028.238,49.918,612.728
Ukraine,2001,0.0,0.413,248.479,1073.645,46.474,627.084
Ukraine,2002,0.0,0.417,200.723,1115.128,40.436,635.519
Ukraine,2003,0.0,0.63,194.095,1124.236,36.97,719.242
Ukraine,2004,0.0,0.635,248.614,930.347,36.604,793.873
Ukraine,2005,0.0,0.853,263.469,985.236,93.152,728.162
Ukraine,2006,0.0,0.644,276.654,1326.392,82.417,524.762
Ukraine,2007,0.0,1.08,218.945,1469.564,56.572,484.744
Ukraine,2008,0.0,1.085,249.876,1484.491,70.121,419.209
Ukraine,2009,0.0,0.872,260.336,1372.976,85.47,254.885
Ukraine,2010,0.0,1.094,287.853,1473.195,71.799,343.673
Ukraine,2011,0.659,1.977,240.574,1628.873,19.993,405.351
Ukraine,2012,7.268,6.387,230.805,1761.212,21.583,353.256
Ukraine,2013,12.581,14.126,304.588,1768.597,28.252,308.561
Ukraine,2014,9.524,25.029,187.826,1540.265,25.915,281.518
Ukraine,2015,10.671,24.009,120.047,1230.254,32.679,224.531
Ukraine,2016,10.929,21.189,171.077,1329.361,71.821,219.478
Ukraine,2017,16.571,21.945,200.415,1070.823,61.58,165.483
Ukraine,2018,24.749,26.773,234.662,1073.414,56.697,238.037
Ukraine,2019,66.273,45.69,147.248,1008.796,28.5,269.842
Ukraine,2020,135.961,74.471,172.172,879.761,38.26,323.163
United Kingdom,2000,0.0,16.143,86.491,2038.231,192.183,2516.226
United Kingdom,2001,0.0,16.415,68.706,2224.666,158.397,2401.339
United Kingdom,2002,0.0,21.228,80.7,2093.818,152.639,2565.55
United Kingdom,2003,0.0,21.626,54.149,2318.532,150.378,2495.901
United Kingdom,2004,0.0,32.336,80.672,2196.652,138.176,2618.014
United Kingdom,2005,0.166,48.026,81.479,2229.739,158.818,2527.833
United Kingdom,2006,0.164,69.568,75.489,2448.042,167.753,2316.142
United Kingdom,2007,0.163,86.026,82.924,2219.205,139.078,2706.303
United Kingdom,2008,0.324,115.318,83.249,2014.507,160.344,2854.128
United Kingdom,2009,0.321,149.092,84.025,1655.437,147.646,2674.983
United Kingdom,2010,0.637,163.958,57.202,1714.307,117.113,2798.755
United Kingdom,2011,3.792,252.187,89.909,1713.481,93.859,2314.875
United Kingdom,2012,21.157,311.086,83.217,2237.782,98.576,1569.848
United Kingdom,2013,31.259,441.664,73.092,2025.744,84.911,1490.46
United Kingdom,2014,62.526,493.412,90.932,1547.546,89.697,1557.581
United Kingdom,2015,115.448,617.407,96.59,1163.369,102.262,1531.329
United Kingdom,2016,158.403,565.987,81.791,467.137,114.69,2183.528
United Kingdom,2017,173.466,751.383,89.004,341.029,100.356,2069.937
United Kingdom,2018,191.772,856.653,81.887,253.338,106.724,1979.288
United Kingdom,2019,193.475,963.332,88.801,103.177,112.611,1955.415
United Kingdom,2020,198.779,1098.13,99.613,79.631,122.578,1658.528
United States,2000,1.735,19.795,956.202,6962.748,410.838,2177.738
United States,2001,1.892,23.61,729.112,6669.551,474.97,2238.865
United States,2002,1.907,35.894,886.387,6704.104,359.597,2396.426
United States,2003,1.821,38.439,918.107,6780.053,454.742,2232.525
United States,2004,1.973,48.104,884.272,6730.105,441.847,2415.734
United States,2005,1.853,59.998,888.552,6780.932,424.905,2563.513
United States,2006,1.701,88.706,943.076,6640.499,238.897,2723.708
United States,2007,2.015,113.793,794.766,6660.625,248.362,2961.551
United States,2008,2.813,181.096,813.033,6496.02,181.325,2888.435
United States,2009,2.885,239.504,871.344,5691.512,157.303,2985.232
United States,2010,3.888,304.162,818.49,5936.349,152.643,3174.018
United States,2011,5.798,382.889,996.984,5522.648,133.205,3229.581
United States,2012,13.674,444.716,856.747,4781.411,123.448,3871.419
United States,2013,28.305,525.526,826.238,4950.635,126.059,3522.002
United States,2014,89.804,564.071,786.221,4911.625,135.669,3498.42
United States,2015,120.237,587.54,751.646,4166.259,136.904,4107.973
United States,2016,167.69,693.713,798.05,3787.015,120.718,4212.308
United States,2017,234.33,771.094,890.988,3656.374,114.891,3931.093
United States,2018,281.086,820.949,862.949,3460.86,128.5,4423.225
United States,2019,319.724,885.021,845.329,2886.339,111.989,4743.395
United States,2020,389.115,1005.947,833.328,2302.153,102.22,4834.674
