country,year,energy_per_capita,energy_per_gdp,population,primary_energy_consumption,Year,Country,GDP_per_capita,gdp
Albania,2000,9029.438,3.029045861735089e-09,3182027.0,28.732,2000,Albania,2980.96,9485495205.92
Albania,2001,8635.532,2.6349232227906205e-09,3153615.0,27.233,2001,Albania,3277.32,10335405511.800001
Albania,2002,9443.555,2.715511837115275e-09,3123554.0,29.497,2002,Albania,3477.58,10862408919.32
Albania,2003,10756.612,2.8891438279147944e-09,3092993.0,33.27,2003,Albania,3723.1,11515522238.3
Albania,2004,11586.951,2.9110400360636523e-09,3062629.0,35.487,2004,Albania,3980.4,12190488471.6
Albania,2005,11545.616,2.7153903546799424e-09,3032636.0,35.014,2005,Albania,4251.96,12894646966.56
Albania,2006,10976.728,2.409715791673052e-09,3003391.0,32.967,2006,Albania,4555.14,13680866479.740002
Albania,2007,9534.874,1.9551268229253916e-09,2976089.0,28.377,2007,Albania,4876.92,14514147965.880001
Albania,2008,10499.328,1.9871544642057623e-09,2951690.0,30.991,2008,Albania,5283.64,15595667351.6
Albania,2009,11524.428,2.0981844722719133e-09,2930553.0,33.773,2009,Albania,5492.58,16096296796.74
Albania,2010,12377.504,2.164579064618333e-09,2913402.0,36.061,2010,Albania,5718.26,16659590120.52
Albania,2011,10854.649,1.8460243709533813e-09,2900660.0,31.486,2011,Albania,5880.08,17056112852.8
Albania,2012,10652.809,1.7834724150881677e-09,2892191.0,30.81,2012,Albania,5973.08,17275288218.28
Albania,2013,13392.774,2.2157288504019562e-09,2887019.0,38.665,2013,Albania,6044.38,17450239903.22
Albania,2014,11809.461,1.9158825452723313e-09,2884100.0,34.06,2014,Albania,6164.04,17777707764.0
Albania,2015,11824.314,1.871015980575664e-09,2882482.0,34.083,2015,Albania,6319.66,18216306196.12
Albania,2016,13823.748,2.1139954719909462e-09,2881064.0,39.827,2016,Albania,6539.14,18839680844.96
Albania,2017,12802.36,1.8843933922168498e-09,2879361.0,36.863,2017,Albania,6793.96,19562263459.56
Albania,2018,14609.701,2.062117503278942e-09,2877019.0,42.032,2018,Albania,7084.74,20382931590.059998
Albania,2019,11585.555,1.5951039740724956e-09,2873883.0,33.296,2019,Albania,7263.3,20873874393.9
Albania,2020,11158.003,1.5823967723649817e-09,2866850.0,31.988,2020,Albania,7051.26,20214904731.0
Armenia,2000,9270.454,2.90904971923585e-09,3168525.0,29.374,2000,Armenia,3186.8,10097455470.0
Armenia,2001,9219.866,2.7245682831002465e-09,3133138.0,28.887,2001,Armenia,3383.96,10602413666.48
Armenia,2002,8911.608,2.3633037810548623e-09,3105040.0,27.671,2002,Armenia,3770.84,11708609033.6
Armenia,2003,9866.072,2.3599300010494156e-09,3084107.0,30.428,2003,Armenia,4180.66,12893602770.619999
Armenia,2004,10294.192,2.2964489367312652e-09,3065748.0,31.559,2004,Armenia,4482.6,13742521984.800001
Armenia,2005,11997.367,2.4167077463771157e-09,3047254.0,36.559,2005,Armenia,4964.34,15127604922.36
Armenia,2006,12061.231,2.2108756064453545e-09,3026490.0,36.503,2006,Armenia,5455.38,16510653016.2
Armenia,2007,13633.888,2.264011407661141e-09,3004398.0,40.962,2007,Armenia,6022.06,18092665019.88
Armenia,2008,13250.285,2.1199585607966022e-09,2983425.0,39.531,2008,Armenia,6250.22,18647062603.5
Armenia,2009,11915.396,2.28818727428811e-09,2964300.0,35.321,2009,Armenia,5207.38,15436236534.0
Armenia,2010,13351.512,2.5849198161043443e-09,2946296.0,39.338,2010,Armenia,5165.22,15218267025.12
Armenia,2011,14139.787,2.6941515045949237e-09,2928984.0,41.415,2011,Armenia,5248.3,15372186727.2
Armenia,2012,15057.879,2.6759413793058512e-09,2914428.0,43.885,2012,Armenia,5627.12,16399836087.36
Armenia,2013,14838.981,2.5475312577131856e-09,2901386.0,43.054,2013,Armenia,5824.9,16900283311.4
Armenia,2014,15185.13,2.513299808224183e-09,2889937.0,43.884,2014,Armenia,6041.9,17460710360.3
Armenia,2015,14124.947,2.2610309471812587e-09,2878598.0,40.66,2015,Armenia,6247.12,17982947137.76
Armenia,2016,14289.046,2.2789254464912023e-09,2865841.0,40.95,2016,Armenia,6270.06,17968995020.460003
Armenia,2017,15302.439,2.2653591252805187e-09,2851929.0,43.641,2017,Armenia,6754.9,19264495202.1
Armenia,2018,15133.982,2.1244010307400322e-09,2836563.0,42.928,2018,Armenia,7123.8,20207107499.4
Armenia,2019,16179.096,2.10463887437633e-09,2820604.0,45.635,2019,Armenia,7687.38,21683054777.52
Armenia,2020,17086.047,2.3868235156484425e-09,2805610.0,47.937,2020,Armenia,7158.5199999999995,20084015297.199997
Austria,2000,48863.281,2.2649676538476757e-09,8010425.0,391.416,2000,Austria,21573.52,172813063946.0
Austria,2001,50421.105,2.3056341251169374e-09,8039633.0,405.367,2001,Austria,21868.64,175815839809.12
Austria,2002,50254.641,2.2626140000565253e-09,8078994.0,406.007,2002,Austria,22210.88,179441566254.72
Austria,2003,50523.203,2.2596315904102864e-09,8120105.0,410.254,2003,Austria,22359.06,181557914901.30002
Austria,2004,51139.312,2.231855925744107e-09,8171215.0,417.87,2004,Austria,22913.34,187229827508.1
Austria,2005,51714.719,2.2158405497000244e-09,8227034.0,425.459,2005,Austria,23338.66,192007949334.44
Austria,2006,50921.684,2.1131495372384016e-09,8267771.0,421.009,2006,Austria,24097.54,199232942383.34
Austria,2007,49669.195,1.9876340942874156e-09,8294720.0,411.992,2007,Austria,24989.1,207277587552.0
Austria,2008,50475.008,1.987336605993897e-09,8321134.0,420.009,2008,Austria,25398.3,211342657672.19998
Austria,2009,48765.184,1.993045084027165e-09,8342939.0,406.845,2009,Austria,24467.68,204132361711.52
Austria,2010,50240.961,2.0113654646032765e-09,8362829.0,420.157,2010,Austria,24978.56,208891425946.24002
Austria,2011,47200.484,1.836844598683083e-09,8391201.0,396.069,2011,Austria,25696.52,215624664320.52
Austria,2012,49174.594,1.9092902926570666e-09,8429641.0,414.524,2012,Austria,25755.42,217108944404.21997
Austria,2013,48493.574,1.8937432897847888e-09,8479542.0,411.203,2013,Austria,25607.24,217137667084.08002
Austria,2014,46196.465,1.8062694258542263e-09,8546066.0,394.798,2014,Austria,25575.62,218570936510.91998
Austria,2015,45686.785,1.786122602959305e-09,8642422.0,394.844,2015,Austria,25578.72,221062092459.84
Austria,2016,46698.785,1.8129909864511737e-09,8736491.0,407.984,2016,Austria,25757.9,225033661528.90002
Austria,2017,47423.047,1.8118000956024793e-09,8797497.0,417.204,2017,Austria,26174.54,230270437126.38
Austria,2018,46186.543,1.7311403287053084e-09,8840518.0,408.313,2018,Austria,26679.84,235863605757.12
Austria,2019,48314.258,1.7918619336705833e-09,8879939.0,429.028,2019,Austria,26963.18,239431393646.02
Austria,2020,45028.27,1.793108063313406e-09,8907780.0,401.102,2020,Austria,25111.86,223690924270.80002
Belarus,2000,24868.184,4.402363515691544e-09,10256489.0,255.06,2000,Belarus,5648.82,57937060192.979996
Belarus,2001,24306.926,4.143384350314238e-09,10201212.0,247.96,2001,Belarus,5866.44,59844798125.28
Belarus,2002,25309.941,4.136014376541056e-09,10135391.0,256.526,2002,Belarus,6119.4,62022511685.399994
Belarus,2003,25292.014,3.887687636065125e-09,10065881.0,254.586,2003,Belarus,6505.66,65485199386.46
Belarus,2004,28508.881,3.9585163686839774e-09,9999713.0,285.081,2004,Belarus,7201.92,72017133048.96
Belarus,2005,28600.459,3.6523929219973432e-09,9935166.0,284.15,2005,Belarus,7830.6,77798310879.6
Belarus,2006,30598.045,3.5780297765948384e-09,9874700.0,302.147,2006,Belarus,8551.66,84445077002.0
Belarus,2007,29999.406,3.256792161160101e-09,9825990.0,294.774,2007,Belarus,9211.34,90510534726.6
Belarus,2008,30513.402,3.033479471486758e-09,9787829.0,298.66,2008,Belarus,10058.88,98454597371.51999
Belarus,2009,28957.873,2.9029973874684437e-09,9757710.0,282.563,2009,Belarus,9975.18,97334913637.8
Belarus,2010,31470.039,2.9558623606724316e-09,9731426.0,306.248,2010,Belarus,10646.64,103606989308.64
Belarus,2011,30981.086,2.7887886090938357e-09,9706983.0,300.733,2011,Belarus,11109.16,107836427264.28
Belarus,2012,33557.434,2.9665648159086147e-09,9693754.0,325.298,2012,Belarus,11311.9,109654775872.59999
Belarus,2013,30421.854,2.6586250236194385e-09,9691143.0,294.823,2013,Belarus,11442.72,110893035828.95999
Belarus,2014,30426.229,2.609655179109628e-09,9693741.0,294.944,2014,Belarus,11659.1,113020295693.1
Belarus,2015,27527.16,2.449848769002135e-09,9700609.0,267.03,2015,Belarus,11236.26,108998564882.34
Belarus,2016,28104.533,2.5607221915761834e-09,9708111.0,272.842,2016,Belarus,10975.24,106548848171.64
Belarus,2017,28623.031,2.537581258839627e-09,9707874.0,277.869,2017,Belarus,11279.66,109501518042.84
Belarus,2018,31689.998,2.7174731107342325e-09,9695573.0,307.253,2018,Belarus,11661.58,113065700185.34
Belarus,2019,31923.436,2.6915497751744617e-09,9673971.0,308.826,2019,Belarus,11860.6,114739100442.6
Belarus,2020,29768.562,2.52001543011359e-09,9633745.0,286.783,2020,Belarus,11812.86,113802080960.70001
Belgium,2000,72420.406,3.4640282653838797e-09,10264351.0,743.348,2000,Belgium,20906.4,214590627746.40002
Belgium,2001,71475.5,3.3983759467990567e-09,10309249.0,736.859,2001,Belgium,21032.26,216826805372.74
Belgium,2002,70828.992,3.319007252850631e-09,10355569.0,733.474,2002,Belgium,21340.4,220991984687.6
Belgium,2003,73221.562,3.4144587655825854e-09,10402550.0,761.691,2003,Belgium,21444.56,223078107628.0
Belgium,2004,73126.234,3.3000994640079278e-09,10456164.0,764.62,2004,Belgium,22158.8,231696046843.19998
Belgium,2005,71894.961,3.1911400173025192e-09,10516979.0,756.118,2005,Belgium,22529.56,236942909399.24002
Belgium,2006,71647.289,3.1188634020663972e-09,10582970.0,758.241,2006,Belgium,22972.24,243114526752.80002
Belgium,2007,71662.344,3.035066307925471e-09,10653698.0,763.469,2007,Belgium,23611.46,251549364179.08
Belgium,2008,72317.906,3.0600990266712985e-09,10726720.0,775.734,2008,Belgium,23632.54,253499639468.80002
Belgium,2009,66274.0,2.8890923647893317e-09,10801357.0,715.849,2009,Belgium,22939.38,247776432738.66
Belgium,2010,70300.141,3.004512121292403e-09,10877948.0,764.721,2010,Belgium,23398.18,254524185334.64
Belgium,2011,65134.078,2.755178123467511e-09,10955742.0,713.592,2011,Belgium,23640.6,259000314325.19998
Belgium,2012,62090.016,2.6234573374181825e-09,11031140.0,684.924,2012,Belgium,23667.26,261076858476.4
Belgium,2013,63218.379,2.6713417098512117e-09,11103260.0,701.93,2013,Belgium,23665.4,262763089204.00003
Belgium,2014,58234.559,2.4333983149160113e-09,11176727.0,650.872,2014,Belgium,23931.38,267474500993.26
Belgium,2015,58448.152,2.407335446581964e-09,11248306.0,657.443,2015,Belgium,24279.2,273099871035.2
Belgium,2016,62694.066,2.5627779323313236e-09,11316837.0,709.499,2016,Belgium,24463.34,276847631255.58
Belgium,2017,62897.129,2.5399216527153653e-09,11384491.0,716.052,2017,Belgium,24763.42,281918932119.22
Belgium,2018,62384.855,2.4861809669399386e-09,11448598.0,714.219,2018,Belgium,25092.64,287275548118.72
Belgium,2019,64152.262,2.514126371898588e-09,11510569.0,738.429,2019,Belgium,25516.72,293711966213.68
Belgium,2020,57433.73,2.3897784513979914e-09,11561716.0,664.032,2020,Belgium,24033.06,277863414330.96
Bulgaria,2000,26859.672,5.150632622201398e-09,8097694.0,217.501,2000,Bulgaria,5214.82,42228016625.079994
Bulgaria,2001,27980.561,5.10982136052043e-09,8034863.0,224.82,2001,Bulgaria,5475.84,43997624209.92
Bulgaria,2002,27344.377,4.656231455830644e-09,7974804.0,218.066,2002,Bulgaria,5872.64,46833152962.560005
Bulgaria,2003,28474.164,4.555702451223331e-09,7917745.0,225.451,2003,Bulgaria,6250.22,49487648153.9
Bulgaria,2004,27716.521,4.11866936484811e-09,7865314.0,217.999,2004,Bulgaria,6729.48,52929473256.71999
Bulgaria,2005,30223.08,4.145849039791572e-09,7815221.0,236.2,2005,Bulgaria,7289.96,56972648481.16
Bulgaria,2006,31003.193,3.935553464718367e-09,7766040.0,240.772,2006,Bulgaria,7877.72,61178688628.8
Bulgaria,2007,30154.662,3.5282244691237638e-09,7719035.0,232.765,2007,Bulgaria,8546.7,65972276434.50001
Bulgaria,2008,30008.596,3.27874889549218e-09,7674912.0,230.313,2008,Bulgaria,9152.44,70244171585.28
Bulgaria,2009,26486.121,2.9742840121709513e-09,7634737.0,202.215,2009,Bulgaria,8905.06,67987791069.21999
Bulgaria,2010,27862.668,3.060043767299911e-09,7592271.0,211.541,2010,Bulgaria,9105.32,69130056981.72
Bulgaria,2011,29793.07,3.179814149504185e-09,7543128.0,224.733,2011,Bulgaria,9369.44,70674885208.32
Bulgaria,2012,28532.125,3.004861831969322e-09,7488347.0,213.658,2012,Bulgaria,9495.3,71104101269.09999
Bulgaria,2013,26659.102,2.807789484102338e-09,7431169.0,198.108,2013,Bulgaria,9494.68,70556571680.92
Bulgaria,2014,28695.912,2.976440840203007e-09,7372142.0,211.55,2014,Bulgaria,9641.0,71074821022.0
Bulgaria,2015,30739.168,3.0630922476152986e-09,7309255.0,224.68,2015,Bulgaria,10035.32,73350712886.59999
Bulgaria,2016,29411.801,2.8243810421167504e-09,7245982.0,213.117,2016,Bulgaria,10413.52,75456178476.64
Bulgaria,2017,30376.139,2.817995058523893e-09,7182430.0,218.174,2017,Bulgaria,10779.32,77421711347.59999
Bulgaria,2018,30743.955,2.757595254251509e-09,7117424.0,218.818,2018,Bulgaria,11148.84,79351021388.16
Bulgaria,2019,29996.027,2.5678400788177997e-09,7052536.0,211.548,2019,Bulgaria,11681.42,82383635081.12
Bulgaria,2020,27993.869,2.4802975839553157e-09,6979181.0,195.374,2020,Bulgaria,11286.48,78770386772.87999
Croatia,2000,21227.025,2.5849154765693684e-09,4548438.0,96.55,2000,Croatia,8211.9,37351318012.2
Croatia,2001,22525.262,2.629257904046466e-09,4506760.0,101.516,2001,Croatia,8567.16,38610134001.6
Croatia,2002,22668.963,2.4899758804066664e-09,4482874.0,101.622,2002,Croatia,9104.08,40812443525.92
Croatia,2003,23832.379,2.4421514911422302e-09,4461141.0,106.32,2003,Croatia,9758.8,43535382790.799995
Croatia,2004,24877.861,2.4129867925987094e-09,4443351.0,110.541,2004,Croatia,10309.98,45810859942.979996
Croatia,2005,24671.021,2.263352790045749e-09,4429687.0,109.285,2005,Croatia,10900.22,48284562831.14
Croatia,2006,24436.512,2.106901136641587e-09,4417562.0,107.95,2006,Croatia,11598.34,51236386047.08
Croatia,2007,24617.822,1.986900514550826e-09,4405542.0,108.455,2007,Croatia,12390.08,54585017823.36
Croatia,2008,24549.996,1.9113090956574323e-09,4393666.0,107.864,2008,Croatia,12844.539999999999,56434618683.64
Croatia,2009,24300.623,2.009775097495906e-09,4382142.0,106.489,2009,Croatia,12091.24,52985530636.08
Croatia,2010,24781.908,2.0486256970362024e-09,4368680.0,108.264,2010,Croatia,12096.82,52847135597.6
Croatia,2011,21703.076,1.7667622724963976e-09,4351838.0,94.448,2011,Croatia,12284.06,53458239102.28
Croatia,2012,20222.289,1.6800610339089567e-09,4331592.0,87.595,2012,Croatia,12036.68,52137986794.56
Croatia,2013,22296.646,1.8534420006685941e-09,4308854.0,96.073,2013,Croatia,12029.86,51834910380.44
Croatia,2014,22411.172,1.8628709602550884e-09,4283968.0,96.009,2014,Croatia,12030.48,51538191344.64
Croatia,2015,21392.176,1.7229379450580252e-09,4254821.0,91.02,2015,Croatia,12416.12,52828368114.520004
Croatia,2016,22428.08,1.7295955700890098e-09,4223748.0,94.731,2016,Croatia,12967.3,54770607440.399994
Croatia,2017,22608.02,1.668698258739059e-09,4192468.0,94.783,2017,Croatia,13548.24,56800562656.32
Croatia,2018,23593.492,1.6780072601604537e-09,4160488.0,98.16,2018,Croatia,14060.36,58497959055.68
Croatia,2019,23200.729,1.5862847587880527e-09,4129749.0,95.813,2019,Croatia,14625.8,60400882924.2
Croatia,2020,22304.447,1.6599636254092936e-09,4096872.0,91.378,2020,Croatia,13436.64,55048194190.079994
Cyprus,2000,31912.982,2.3053870977878266e-09,948238.0,30.261,2000,Cyprus,13842.74,13126212092.119999
Cyprus,2001,31725.172,2.2155444594734532e-09,964838.0,30.61,2001,Cyprus,14319.52,13816017037.76
Cyprus,2002,30732.92,2.080297622146683e-09,982202.0,30.186,2002,Cyprus,14773.36,14510423738.720001
Cyprus,2003,32076.912,2.1249629220037134e-09,1000355.0,32.088,2003,Cyprus,15095.14,15100498774.699999
Cyprus,2004,30655.473,1.950058661860996e-09,1018688.0,31.228,2004,Cyprus,15720.1,16013877228.800001
Cyprus,2005,33741.973,2.080066767485687e-09,1037070.0,34.993,2005,Cyprus,16221.68,16823017677.6
Cyprus,2006,32604.191,1.9374958089104622e-09,1055445.0,34.412,2006,Cyprus,16828.04,17761070677.8
Cyprus,2007,32579.771,1.8693922498639716e-09,1073875.0,34.987,2007,Cyprus,17428.2,18715708275.0
Cyprus,2008,32822.43,1.8421887371731708e-09,1092402.0,35.855,2008,Cyprus,17816.94,19463260889.879997
Cyprus,2009,31506.953,1.8322805249839185e-09,1110979.0,35.004,2009,Cyprus,17195.7,19104061590.3
Cyprus,2010,30146.273,1.7597891067097505e-09,1129693.0,34.056,2010,Cyprus,17130.6,19352318905.8
Cyprus,2011,29451.955,1.7418215468741303e-09,1145090.0,33.725,2011,Cyprus,16908.64,19361914577.6
Cyprus,2012,27326.793,1.6995920036823998e-09,1156556.0,31.605,2012,Cyprus,16078.46,18595639383.76
Cyprus,2013,24232.332,1.6095783062725826e-09,1166972.0,28.278,2013,Cyprus,15054.84,17568576744.48
Cyprus,2014,24039.48,1.6078296659927953e-09,1176997.0,28.294,2014,Cyprus,14951.3,17597635246.1
Cyprus,2015,24580.83,1.5806496402872566e-09,1187286.0,29.184,2015,Cyprus,15550.84,18463294620.24
Cyprus,2016,26494.055,1.605999381150622e-09,1197889.0,31.737,2016,Cyprus,16496.96,19761526917.44
Cyprus,2017,26971.416,1.5607471382991033e-09,1208527.0,32.596,2017,Cyprus,17281.26,20884869304.019997
Cyprus,2018,26633.77,1.4767102932099308e-09,1218834.0,32.462,2018,Cyprus,18035.8,21982646257.2
Cyprus,2019,26442.418,1.4082352251048133e-09,1228840.0,32.493,2019,Cyprus,18776.7,23073560028.0
Cyprus,2020,22852.852,1.2872467573855825e-09,1237540.0,28.281,2020,Cyprus,17753.079999999998,21970146623.199997
Denmark,2000,44286.535,1.8305468838435229e-09,5340662.0,236.519,2000,Denmark,24193.02,129206742579.24
Denmark,2001,44250.59,1.8102717497349911e-09,5360753.0,237.216,2001,Denmark,24444.12,131038889622.36
Denmark,2002,44017.223,1.787891657311461e-09,5378700.0,236.755,2002,Denmark,24619.579999999998,132421334945.99998
Denmark,2003,47297.211,1.907959917045425e-09,5396355.0,255.233,2003,Denmark,24789.46,133772726418.29999
Denmark,2004,44621.559,1.7477434861419244e-09,5415583.0,241.652,2004,Denmark,25530.98,138265141261.34
Denmark,2005,41866.43,1.5976927087503333e-09,5436314.0,227.599,2005,Denmark,26204.3,142454802950.19998
Denmark,2006,46091.766,1.6886244803087894e-09,5457863.0,251.563,2006,Denmark,27295.5,148975099516.5
Denmark,2007,43548.508,1.579092471530515e-09,5479722.0,238.634,2007,Denmark,27578.22,151120978854.84
Denmark,2008,41183.277,1.5012551380735244e-09,5502752.0,226.621,2008,Denmark,27432.52,150954354295.04
Denmark,2009,38827.246,1.4878731815437666e-09,5526455.0,214.577,2009,Denmark,26095.8,144217264389.0
Denmark,2010,41063.633,1.5427104861585762e-09,5550850.0,227.938,2010,Denmark,26617.84,147751637164.0
Denmark,2011,38406.094,1.4215792186623015e-09,5576016.0,214.153,2011,Denmark,27016.5,150644436264.0
Denmark,2012,35563.973,1.3183448772965986e-09,5600955.0,199.192,2012,Denmark,26976.2,151092482271.0
Denmark,2013,36936.711,1.3619120162059157e-09,5625393.0,207.784,2013,Denmark,27121.28,152567858663.04
Denmark,2014,35394.48,1.2911136780369424e-09,5650654.0,200.002,2014,Denmark,27413.92,154906576703.68
Denmark,2015,34312.848,1.231463768693948e-09,5677795.0,194.821,2015,Denmark,27863.42,158202786758.9
Denmark,2016,34666.891,1.2150275553068305e-09,5706856.0,197.839,2016,Denmark,28531.78,162826759883.68
Denmark,2017,34656.133,1.1887403231558625e-09,5737286.0,198.832,2017,Denmark,29153.64,167262770621.04
Denmark,2018,34042.258,1.1506766068465106e-09,5766689.0,196.311,2018,Denmark,29584.54,170604841388.06
Denmark,2019,33139.277,1.108032506607568e-09,5795879.0,192.071,2019,Denmark,29908.18,173344192390.22
Denmark,2020,29380.422,1.0045973095041106e-09,5825638.0,171.16,2020,Denmark,29246.02,170376725460.76
Estonia,2000,39722.039,3.811974131188908e-09,1396881.0,55.487,2000,Estonia,10420.34,14555974959.54
Estonia,2001,41673.484,3.798131551722755e-09,1388000.0,57.843,2001,Estonia,10972.14,15229330320.0
Estonia,2002,41766.359,3.623930368832774e-09,1379241.0,57.606,2002,Estonia,11525.18,15896000788.380001
Estonia,2003,45834.828,3.7389753645279865e-09,1370663.0,62.824,2003,Estonia,12258.64,16802464278.32
Estonia,2004,47047.777,3.6475398096782857e-09,1362489.0,64.102,2004,Estonia,12898.48,17574037116.72
Estonia,2005,47588.281,3.408458599089291e-09,1354665.0,64.466,2005,Estonia,13961.78,18913534703.7
Estonia,2006,47286.48,3.102984227566287e-09,1346711.0,63.681,2006,Estonia,15238.98,20522501994.78
Estonia,2007,55017.598,3.389782821058972e-09,1340576.0,73.755,2007,Estonia,16230.36,21758031087.36
Estonia,2008,50750.434,3.350753234135758e-09,1337013.0,67.854,2008,Estonia,15145.98,20250372157.739998
Estonia,2009,43997.602,3.455229441914616e-09,1334557.0,58.717,2009,Estonia,12733.56,16993661632.92
Estonia,2010,54935.602,4.27780626477114e-09,1331535.0,73.149,2010,Estonia,12842.06,17099652362.099998
Estonia,2011,54965.695,4.0302712248456675e-09,1327435.0,72.963,2011,Estonia,13638.14,18103744370.899998
Estonia,2012,55555.875,3.932871651722953e-09,1322682.0,73.483,2012,Estonia,14126.08,18684311746.56
Estonia,2013,58773.523,4.085350274744039e-09,1317985.0,77.463,2013,Estonia,14386.48,18961164842.8
Estonia,2014,56413.82,3.793953286885006e-09,1314531.0,74.158,2014,Estonia,14869.46,19546366123.26
Estonia,2015,52196.047,3.439864059617331e-09,1314658.0,68.62,2015,Estonia,15173.88,19948462733.039997
Estonia,2016,53774.246,3.442316666384609e-09,1315928.0,70.763,2016,Estonia,15621.52,20556795570.56
Estonia,2017,59568.551,3.6035880966302235e-09,1317550.0,78.485,2017,Estonia,16530.44,21779681222.0
Estonia,2018,58899.945,3.4425102466555934e-09,1322146.0,77.874,2018,Estonia,17109.52,22621283429.920002
Estonia,2019,47295.336,2.6760365292415207e-09,1327039.0,62.763,2019,Estonia,17673.72,23453715715.08
Estonia,2020,44218.281,2.523525206414109e-09,1329449.0,58.786,2020,Estonia,17522.44,23295190335.559998
Finland,2000,69377.0,3.423017892193779e-09,5176208.0,359.11,2000,Finland,20267.8,104910348502.4
Finland,2001,70719.578,3.406724192530706e-09,5188007.0,366.894,2001,Finland,20758.84,107697007231.88
Finland,2002,70908.922,3.3650866942548437e-09,5200588.0,368.768,2002,Finland,21071.94,109586478300.71999
Finland,2003,75758.367,3.530817807680538e-09,5212991.0,394.928,2003,Finland,21456.34,111851707312.94
Finland,2004,75218.672,3.3804354228126687e-09,5228143.0,393.254,2004,Finland,22251.18,116332350958.74
Finland,2005,68155.328,2.988231297417778e-09,5246070.0,357.548,2005,Finland,22807.94,119652049795.79999
Finland,2006,72824.555,3.077982395358982e-09,5266249.0,383.512,2006,Finland,23659.82,124598503415.18
Finland,2007,72265.938,2.9140186642980533e-09,5288694.0,382.192,2007,Finland,24799.38,131156332209.72
Finland,2008,69352.664,2.787422813909665e-09,5313358.0,368.496,2008,Finland,24880.6,132199535054.79999
Finland,2009,63925.77,2.8122674532156773e-09,5338813.0,341.288,2009,Finland,22731.06,121356878631.78001
Finland,2010,69228.281,2.9684605167272166e-09,5363279.0,371.291,2010,Finland,23321.3,125078638542.7
Finland,2011,64942.777,2.7255006033752653e-09,5388173.0,349.923,2011,Finland,23827.84,128388524136.32
Finland,2012,62886.449,2.6893764379493634e-09,5413865.0,340.459,2012,Finland,23383.3,126594029454.5
Finland,2013,62843.996,2.724549855510231e-09,5438873.0,341.801,2013,Finland,23065.86,125452283175.78
Finland,2014,60391.238,2.6391367084773665e-09,5461436.0,329.823,2014,Finland,22882.96,124973821530.56
Finland,2015,60022.977,2.6174374400646526e-09,5479457.0,328.893,2015,Finland,22931.94,125654579156.57999
Finland,2016,60795.297,2.5856140711834716e-09,5495217.0,334.083,2016,Finland,23512.88,129208377894.96
Finland,2017,59405.816,2.4541110893859607e-09,5508146.0,327.216,2017,Finland,24206.66,133333817452.36
Finland,2018,60528.164,2.475871261806081e-09,5515465.0,333.841,2018,Finland,24447.22,134837786257.3
Finland,2019,59219.418,2.3953628860538593e-09,5521539.0,326.982,2019,Finland,24722.5,136506247927.5
Finland,2020,56636.781,2.3500094812012615e-09,5529468.0,313.171,2020,Finland,24100.64,133263717659.52
France,2000,52966.594,2.5570182462242847e-09,58665456.0,3107.309,2000,France,20714.2,1215207988675.2
France,2001,53298.859,2.534371918194723e-09,59014776.0,3145.42,2001,France,21030.4,1241104345190.4001
France,2002,52433.27,2.4762036865212728e-09,59372784.0,3113.109,2002,France,21174.86,1257210389010.24
France,2003,52657.883,2.4767315038595144e-09,59728260.0,3145.164,2003,France,21261.04,1269884924990.4001
France,2004,52754.129,2.4245540499253787e-09,60108436.0,3170.968,2004,France,21758.28,1307856180850.0798
France,2005,52097.117,2.367308510950919e-09,60510080.0,3152.401,2005,France,22006.9,1331639279552.0
France,2006,51332.477,2.289286030121003e-09,60919152.0,3127.131,2006,France,22422.92,1365985271763.8398
France,2007,50095.922,2.192907737226734e-09,61329380.0,3072.352,2007,France,22844.52,1401040247997.6
France,2008,49932.984,2.190769638354198e-09,61721004.0,3081.914,2008,France,22792.44,1406772280409.76
France,2009,46864.531,2.1271406580523927e-09,62093300.0,2909.973,2009,France,22031.7,1368020957610.0
France,2010,48006.328,2.1456355645232806e-09,62444568.0,2997.734,2010,France,22373.94,1397131017757.92
France,2011,45914.77,2.0183717024408235e-09,62775272.0,2882.312,2011,France,22748.42,1428038253070.24
France,2012,45681.148,2.0116661278061093e-09,63071412.0,2881.175,2012,France,22708.12,1432233192265.44
France,2013,45921.207,2.0210785375496238e-09,63335180.0,2908.428,2013,France,22721.14,1439047491705.2
France,2014,43808.914,1.9191053507865836e-09,63588496.0,2785.743,2014,France,22827.78,1451584197218.88
France,2015,43929.527,1.9109465901984065e-09,63809768.0,2803.133,2015,France,22988.36,1466881918300.48
France,2016,43053.949,1.859518403135472e-09,63989320.0,2754.993,2016,France,23153.28,1481562642969.5999
France,2017,42633.387,1.8078063460355666e-09,64144092.0,2734.68,2017,France,23582.94,1512706272990.48
France,2018,43334.203,1.812835740868739e-09,64277812.0,2785.428,2018,France,23904.1,1536503245829.2
France,2019,42326.785,1.7466806494681098e-09,64399760.0,2725.835,2019,France,24232.7,1560580064152.0
France,2020,38063.406,1.7094331002557017e-09,64480052.0,2454.33,2020,France,22266.68,1435756684267.36
Georgia,2000,9423.704,3.1070356427965137e-09,4265175.0,40.194,2000,Georgia,3033.04,12936446382.0
Georgia,2001,8959.572,2.819706504891692e-09,4144485.0,37.133,2001,Georgia,3177.5,13169101087.5
Georgia,2002,10776.443,3.21463969179209e-09,4061127.0,43.765,2002,Georgia,3352.34,13614278487.18
Georgia,2003,9694.849,2.600493325063001e-09,4017826.0,38.952,2003,Georgia,3728.06,14978696397.56
Georgia,2004,10085.432,2.564507264045919e-09,3988861.0,40.229,2004,Georgia,3932.66,15686834100.26
Georgia,2005,11553.322,2.720359491258456e-09,3961183.0,45.765,2005,Georgia,4247.0,16823144201.0
Georgia,2006,10517.187,2.292933367429006e-09,3933866.0,41.373,2006,Georgia,4586.76,18043699214.16
Georgia,2007,13246.12,2.5740788238040816e-09,3906476.0,51.746,2007,Georgia,5146.0,20102725496.0
Georgia,2008,13342.63,2.543157463908096e-09,3879701.0,51.765,2008,Georgia,5246.44,20354618514.44
Georgia,2009,13652.776,2.7313958270525914e-09,3855203.0,52.634,2009,Georgia,4998.44,19270000883.32
Georgia,2010,14789.647,2.8253100326446614e-09,3836834.0,56.745,2010,Georgia,5234.66,20084521466.44
Georgia,2011,13820.907,2.4918204693566938e-09,3821667.0,52.819,2011,Georgia,5546.5199999999995,21196952448.839996
Georgia,2012,14376.836,2.4416764853663365e-09,3804358.0,54.695,2012,Georgia,5888.14,22400592514.120003
Georgia,2013,16267.887,2.661934297900168e-09,3786025.0,61.591,2013,Georgia,6111.34,23137686023.5
Georgia,2014,17044.346,2.666933019438298e-09,3774232.0,64.329,2014,Georgia,6390.96,24120965742.72
Georgia,2015,18088.293,2.744543486792052e-09,3771135.0,68.213,2015,Georgia,6590.6,24854042331.0
Georgia,2016,19119.283,2.817503095523333e-09,3771112.0,72.101,2016,Georgia,6785.9,25590388920.8
Georgia,2017,19005.781,2.6704846630576323e-09,3771904.0,71.688,2017,Georgia,7116.98,26844565329.92
Georgia,2018,19383.402,2.597487358672976e-09,3772323.0,73.12,2018,Georgia,7462.32,28150281369.36
Georgia,2019,19659.346,2.510191182705907e-09,3770814.0,74.132,2019,Georgia,7831.84,29532411917.760002
Georgia,2020,18696.85,2.5619184169761132e-09,3765912.0,70.411,2020,Georgia,7298.0199999999995,27483701094.239998
Germany,2000,48903.699,2.3639205681005486e-09,81551680.0,3988.179,2000,Germany,20687.54,1687103642067.2
Germany,2001,49841.387,2.346448666145504e-09,81514568.0,4062.799,2001,Germany,21241.2,1731467241801.6
Germany,2002,49257.789,2.2967837552134737e-09,81443424.0,4011.723,2002,Germany,21446.42,1746669877342.0798
Germany,2003,49300.902,2.290516870841747e-09,81346808.0,4010.471,2003,Germany,21523.92,1750902187647.3599
Germany,2004,49342.406,2.2399877098588674e-09,81266672.0,4009.893,2004,Germany,22027.98,1790140625482.56
Germany,2005,48793.566,2.173653384874885e-09,81212168.0,3962.631,2005,Germany,22447.72,1823028007856.9602
Germany,2006,50043.031,2.123285286266068e-09,81177816.0,4062.384,2006,Germany,23568.68,1913253968402.8801
Germany,2007,47958.129,1.9458600113428574e-09,81183832.0,3893.425,2007,Germany,24646.24,2000876207591.6802
Germany,2008,48445.984,1.9191620141251082e-09,81217488.0,3934.661,2008,Germany,25243.3,2050197414830.4
Germany,2009,45436.277,1.880869372232996e-09,81260624.0,3692.18,2009,Germany,24157.06,1963017769605.4402
Germany,2010,47305.82,1.8559890582558395e-09,81325088.0,3847.15,2010,Germany,25488.2,2072830107961.6
Germany,2011,45571.504,1.7018783585351527e-09,81423384.0,3710.586,2011,Germany,26777.18,2180288609577.12
Germany,2012,46132.672,1.7188952282161281e-09,81545568.0,3761.915,2012,Germany,26838.56,2188565619502.08
Germany,2013,47361.547,1.7617931235847704e-09,81680592.0,3868.519,2013,Germany,26882.579999999998,2195785048887.3599
Germany,2014,45327.562,1.656560227990616e-09,81858824.0,3710.461,2014,Germany,27362.46,2239858797347.04
Germany,2015,46066.887,1.673267079510661e-09,82073232.0,3780.858,2015,Germany,27531.1,2259566357515.1997
Germany,2016,46675.777,1.671852540699143e-09,82331432.0,3842.884,2016,Germany,27918.6,2298578317435.1997
Germany,2017,47112.898,1.6495937680548456e-09,82624368.0,3892.673,2017,Germany,28560.3,2359776737390.4
Germany,2018,45781.406,1.5921894833054388e-09,82896696.0,3795.127,2018,Germany,28753.74,2383590043643.04
Germany,2019,44467.746,1.5337705773962346e-09,83148144.0,3697.411,2019,Germany,28992.44,2410667576031.36
Germany,2020,41377.68,1.4832026506796538e-09,83328992.0,3447.96,2020,Germany,27897.52,2324672220899.84
Greece,2000,33796.73,2.6000878390415456e-09,11038112.0,373.052,2000,Greece,12998.3,143476691209.6
Greece,2001,33961.258,2.4995979348983233e-09,11072182.0,376.025,2001,Greece,13586.68,150434193735.76
Greece,2002,33917.586,2.389527708837901e-09,11096620.0,376.371,2002,Greece,14194.28,157508531333.6
Greece,2003,35850.453,2.37175173286298e-09,11110488.0,398.316,2003,Greece,15115.6,167941692412.80002
Greece,2004,35828.086,2.2415509146046164e-09,11115089.0,398.232,2004,Greece,15983.6,177659136540.4
Greece,2005,35956.984,2.22271633485436e-09,11113450.0,399.606,2005,Greece,16177.039999999999,179782725188.0
Greece,2006,37034.242,2.1540032900818927e-09,11106097.0,411.306,2006,Greece,17193.22,190949569062.34003
Greece,2007,37808.297,2.1157085687331137e-09,11091491.0,419.35,2007,Greece,17870.26,198207827957.65997
Greece,2008,37168.062,2.0737678999427125e-09,11073621.0,411.585,2008,Greece,17922.96,198472066238.16
Greece,2009,35855.25,2.0772655916894347e-09,11055503.0,396.398,2009,Greece,17260.8,190826826182.4
Greece,2010,34298.055,2.086186040570208e-09,11033784.0,378.437,2010,Greece,16440.54,181401367203.36002
Greece,2011,33738.633,2.2348850643850286e-09,11004730.0,371.285,2011,Greece,15096.38,166131585877.4
Greece,2012,31860.057,2.2591749223464254e-09,10963633.0,349.302,2012,Greece,14102.52,154614853655.16
Greece,2013,30079.553,2.1721675425153398e-09,10914501.0,328.303,2013,Greece,13847.7,151140735497.7
Greece,2014,28344.934,2.023619076132905e-09,10862972.0,307.91,2014,Greece,14007.039999999999,152158083322.88
Greece,2015,28845.504,2.0499203653407353e-09,10806644.0,311.723,2015,Greece,14071.52,152065907178.88
Greece,2016,28556.062,2.0307812896135342e-09,10749742.0,306.97,2016,Greece,14061.6,151158572107.2
Greece,2017,30131.885,2.115518555048899e-09,10692230.0,322.177,2017,Greece,14243.26,152292211869.8
Greece,2018,30475.123,2.100212316421176e-09,10633275.0,324.05,2018,Greece,14510.48,154293924222.0
Greece,2019,29966.309,2.0248356961900587e-09,10574026.0,316.865,2019,Greece,14799.4,156489240384.4
Greece,2020,26343.523,1.9520153733259744e-09,10512232.0,276.929,2020,Greece,13495.539999999999,141868247445.28
Hungary,2000,27524.092,3.381343105506167e-09,10202054.0,280.802,2000,Hungary,8139.98,83044515518.92
Hungary,2001,28261.502,3.2713521530042937e-09,10177955.0,287.644,2001,Hungary,8639.08,87928167481.4
Hungary,2002,27680.426,2.9965652186446165e-09,10148404.0,280.912,2002,Hungary,9237.38,93744664141.51999
Hungary,2003,28106.879,2.8637815386631926e-09,10118060.0,284.387,2003,Hungary,9814.6,99304711676.0
Hungary,2004,28622.199,2.7157406656018578e-09,10094499.0,288.927,2004,Hungary,10539.38,106389760870.62
Hungary,2005,30582.84,2.7190960579083457e-09,10073533.0,308.077,2005,Hungary,11247.42,113301256534.86
Hungary,2006,30034.668,2.5161317899077185e-09,10057063.0,302.061,2006,Hungary,11936.86,120049753042.18001
Hungary,2007,29686.33,2.422650029400335e-09,10041171.0,298.086,2007,Hungary,12253.68,123041296259.28
Hungary,2008,29320.721,2.320367401169094e-09,10023508.0,293.896,2008,Hungary,12636.22,126659252259.76
Hungary,2009,27245.459,2.2580662320914346e-09,10008581.0,272.688,2009,Hungary,12065.82,120761736801.42
Hungary,2010,27819.338,2.2394635218728945e-09,9986832.0,277.827,2010,Hungary,12422.32,124059622890.23999
Hungary,2011,27072.971,2.0906869454639746e-09,9953247.0,269.464,2011,Hungary,12949.32,128887780442.04
Hungary,2012,25308.668,1.9689579945525363e-09,9922133.0,251.116,2012,Hungary,12853.84,127537510040.72
Hungary,2013,24057.617,1.83342208143933e-09,9894637.0,238.041,2013,Hungary,13121.68,129834260430.16
Hungary,2014,24145.828,1.760699983543493e-09,9867906.0,238.269,2014,Hungary,13713.78,135326291944.68001
Hungary,2015,25501.146,1.788846036760074e-09,9844250.0,251.04,2015,Hungary,14255.66,140336280955.0
Hungary,2016,26030.773,1.7813717689660162e-09,9815106.0,255.495,2016,Hungary,14612.78,143425984654.68
Hungary,2017,27509.971,1.8006917703234344e-09,9788940.0,269.293,2017,Hungary,15277.42,149549747734.8
Hungary,2018,27740.646,1.7211512700143672e-09,9776361.0,271.203,2018,Hungary,16117.52,157570693944.72
Hungary,2019,28131.205,1.6637148693332143e-09,9771799.0,274.892,2019,Hungary,16908.64,165227831443.36
Hungary,2020,27724.254,1.713866387595994e-09,9750571.0,270.327,2020,Hungary,16176.42,157729331735.82
Iceland,2000,118057.812,5.751420685825499e-09,281469.0,33.23,2000,Iceland,20526.96,5777702904.24
Iceland,2001,117792.883,5.621988431997625e-09,285245.0,33.6,2001,Iceland,20952.28,5976533108.599999
Iceland,2002,121304.664,5.845553055279794e-09,287799.0,34.911,2002,Iceland,20751.4,5972232168.6
Iceland,2003,121068.531,5.756601281174062e-09,289806.0,35.086,2003,Iceland,21031.02,6094915782.12
Iceland,2004,122384.422,5.451554504527259e-09,292364.0,35.781,2004,Iceland,22449.579999999998,6563449007.12
Iceland,2005,120874.469,5.146177573173141e-09,297037.0,35.904,2005,Iceland,23488.079999999998,6976828818.959999
Iceland,2006,129510.242,5.396598893909985e-09,304086.0,39.382,2006,Iceland,23998.34,7297559217.24
Iceland,2007,144361.562,5.663663969561088e-09,311859.0,45.02,2007,Iceland,25488.82,7948917916.38
Iceland,2008,177673.469,7.0220847658534075e-09,317722.0,56.451,2008,Iceland,25302.2,8039065588.400001
Iceland,2009,176767.391,7.562158964910763e-09,318809.0,56.355,2009,Iceland,23375.24,7452236889.160001
Iceland,2010,177121.828,7.875837090022382e-09,318346.0,56.386,2010,Iceland,22489.26,7159365963.959999
Iceland,2011,176561.359,7.751063965674226e-09,319308.0,56.377,2011,Iceland,22778.8,7273453070.4
Iceland,2012,177259.344,7.740877054968413e-09,320988.0,56.898,2012,Iceland,22899.079999999998,7350329891.039999
Iceland,2013,181204.219,7.641950865753969e-09,324036.0,58.717,2013,Iceland,23711.9,7683509228.400001
Iceland,2014,178940.125,7.50368989215046e-09,327650.0,58.63,2014,Iceland,23847.06,7813489209.0
Iceland,2015,184878.391,7.500299277540503e-09,331068.0,61.207,2015,Iceland,24649.34,8160607695.12
Iceland,2016,183038.078,7.082606292749422e-09,335677.0,61.442,2016,Iceland,25843.46,8675055122.42
Iceland,2017,186955.547,7.108680636381586e-09,343641.0,64.246,2017,Iceland,26299.78,9037682698.98
Iceland,2018,188294.0,7.0105037010020454e-09,352951.0,66.459,2018,Iceland,26859.02,9479917968.02
Iceland,2019,175527.734,6.563012993721071e-09,360787.0,63.328,2019,Iceland,26744.94,9649226667.779999
Iceland,2020,155754.594,6.381205575200077e-09,366682.0,57.112,2020,Iceland,24408.16,8950032925.12
Ireland,2000,45993.887,1.9116075786483817e-09,3768954.0,173.349,2000,Ireland,24060.34,90682314684.36
Ireland,2001,47836.672,1.8834184995061443e-09,3829019.0,183.168,2001,Ireland,25398.92,97252947259.48
Ireland,2002,46569.605,1.7462692945897295e-09,3894256.0,181.354,2002,Ireland,26668.06,103852252663.36
Ireland,2003,44674.871,1.6238787996472848e-09,3958706.0,176.855,2003,Ireland,27511.26,108908990029.56
Ireland,2004,44733.043,1.5341622284825308e-09,4031961.0,180.362,2004,Ireland,29157.98,117563838198.78
Ireland,2005,45659.781,1.4961462533021955e-09,4121220.0,188.174,2005,Ireland,30518.26,125772463477.2
Ireland,2006,45880.328,1.4426147615087244e-09,4234809.0,194.294,2006,Ireland,31803.52,134681832727.68001
Ireland,2007,45259.535,1.395189610048985e-09,4359841.0,197.324,2007,Ireland,32439.64,141431672497.24
Ireland,2008,44106.398,1.4347527418109199e-09,4452393.0,196.379,2008,Ireland,30741.46,136873061313.78
Ireland,2009,39248.785,1.3362176599480476e-09,4499797.0,176.612,2009,Ireland,29373.12,132173077256.64
Ireland,2010,39407.059,1.307165579700146e-09,4524581.0,178.3,2010,Ireland,30146.88,136402000457.28
Ireland,2011,37465.398,1.233731831955308e-09,4544504.0,170.262,2011,Ireland,30367.6,138005679670.4
Ireland,2012,36688.957,1.2494908355994722e-09,4564550.0,167.469,2012,Ireland,29363.2,134029794560.0
Ireland,2013,35956.301,1.2036676261611613e-09,4588830.0,164.997,2013,Ireland,29872.22,137078539302.6
Ireland,2014,35600.855,1.1318442958161937e-09,4622165.0,164.553,2014,Ireland,31453.84,145384838363.6
Ireland,2015,37274.281,1.1301353198901579e-09,4665764.0,173.913,2015,Ireland,32982.14,153886881454.96
Ireland,2016,38517.676,1.1571735784304087e-09,4715791.0,181.641,2016,Ireland,33285.94,156969536278.54
Ireland,2017,38225.68,1.1115721347236557e-09,4771860.0,182.408,2017,Ireland,34388.92,164099111791.19998
Ireland,2018,38573.797,1.0711519238526829e-09,4834506.0,186.485,2018,Ireland,36011.46,174097619438.76
Ireland,2019,38270.875,1.0333681857759914e-09,4896021.0,187.375,2019,Ireland,37035.08,181324529416.68002
Ireland,2020,35630.062,1.0423134093398453e-09,4946123.0,176.231,2020,Ireland,34183.7,169076784795.09998
Italy,2000,36851.285,1.8167177695827872e-09,56966400.0,2099.285,2000,Italy,20284.54,1155537219456.0
Italy,2001,36802.125,1.7713070700381059e-09,56994992.0,2097.537,2001,Italy,20776.82,1184174689685.44
Italy,2002,36481.184,1.741877433333173e-09,57107576.0,2083.352,2002,Italy,20943.6,1196038228713.5999
Italy,2003,37436.27,1.7802072525493694e-09,57425176.0,2149.784,2003,Italy,21029.16,1207603214132.16
Italy,2004,37979.512,1.7770156496950276e-09,57860664.0,2197.52,2004,Italy,21372.64,1236635141832.96
Italy,2005,37805.059,1.748563565405086e-09,58199876.0,2200.25,2005,Italy,21620.64,1258318567040.64
Italy,2006,37481.961,1.6927469685599035e-09,58429904.0,2190.067,2006,Italy,22142.68,1293794666702.72
Italy,2007,36549.078,1.6234782556176906e-09,58778480.0,2148.299,2007,Italy,22512.82,1323269340113.6
Italy,2008,35659.477,1.6001804408958937e-09,59224228.0,2111.905,2008,Italy,22284.66,1319791784742.48
Italy,2009,33102.941,1.567811831110699e-09,59562844.0,1971.705,2009,Italy,21114.1,1257615844500.4
Italy,2010,34046.293,1.5795139826039336e-09,59822452.0,2036.733,2010,Italy,21554.92,1289468167063.8398
Italy,2011,33284.145,1.5272422311979885e-09,60025952.0,1997.912,2011,Italy,21793.62,1308182788026.24
Italy,2012,32295.604,1.5315988081456143e-09,60190152.0,1943.877,2012,Italy,21086.2,1269181583102.4001
Italy,2013,30816.119,1.4918333229588597e-09,60312600.0,1858.6,2013,Italy,20656.54,1245849634404.0
Italy,2014,29214.832,1.4145684763642294e-09,60322792.0,1762.32,2014,Italy,20652.82,1245835765073.44
Italy,2015,30129.141,1.4453881400045324e-09,60232908.0,1814.766,2015,Italy,20845.02,1255556171918.16
Italy,2016,30305.607,1.4325915692030339e-09,60118628.0,1821.932,2016,Italy,21154.4,1271773504163.2002
Italy,2017,30716.617,1.425491030383154e-09,60004024.0,1843.121,2017,Italy,21548.1,1292972709554.4
Italy,2018,30957.242,1.4205129834692746e-09,59877432.0,1853.64,2018,Italy,21793.0,1304908875576.0
Italy,2019,30464.062,1.3877367793399487e-09,59727936.0,1819.556,2019,Italy,21952.34,1311167958570.24
Italy,2020,27763.801,1.3827488061805286e-09,59500576.0,1651.962,2020,Italy,20078.7,1194694215331.2
Latvia,2000,15779.984,2.250350653126891e-09,2392536.0,37.754,2000,Latvia,7012.2,16776940939.199999
Latvia,2001,17236.137,2.296754669751033e-09,2359255.0,40.664,2001,Latvia,7504.48,17704981962.399998
Latvia,2002,17635.336,2.1854619615410963e-09,2326150.0,41.022,2002,Latvia,8069.3,18770402195.0
Latvia,2003,17660.322,2.01417889385381e-09,2294342.0,40.519,2003,Latvia,8768.039999999999,20116882429.679996
Latvia,2004,20126.611,2.111933753709146e-09,2263453.0,45.556,2004,Latvia,9530.02,21570752359.06
Latvia,2005,21027.428,1.9868430808611614e-09,2233165.0,46.958,2005,Latvia,10583.4,23634478461.0
Latvia,2006,20211.02,1.7041203873084004e-09,2203917.0,44.543,2006,Latvia,11859.98,26138411541.66
Latvia,2007,21105.199,1.6177419573785148e-09,2176059.0,45.926,2007,Latvia,13046.039999999999,28388952756.359997
Latvia,2008,21504.193,1.7050581252854717e-09,2150411.0,46.243,2008,Latvia,12612.039999999999,27121069548.44
Latvia,2009,20609.242,1.890620295210422e-09,2126268.0,43.821,2009,Latvia,10900.84,23178107265.12
Latvia,2010,23635.057,2.2241015473219294e-09,2101537.0,49.67,2010,Latvia,10626.8,22332613391.6
Latvia,2011,21346.463,1.868338466349316e-09,2076974.0,44.336,2011,Latvia,11425.36,23730175660.64
Latvia,2012,22381.162,1.8076542040328713e-09,2053635.0,45.963,2012,Latvia,12381.4,25426876389.0
Latvia,2013,21775.469,1.706441879191023e-09,2031491.0,44.237,2013,Latvia,12760.84,25923531612.44
Latvia,2014,20261.896,1.5437710697438467e-09,2011040.0,40.747,2014,Latvia,13124.78,26394457571.2
Latvia,2015,20957.162,1.5240617633218912e-09,1991951.0,41.746,2015,Latvia,13750.98,27391278361.98
Latvia,2016,22548.604,1.587247082915243e-09,1973477.0,44.499,2016,Latvia,14206.06,28035332670.62
Latvia,2017,25054.545,1.6912375618778457e-09,1954861.0,48.978,2017,Latvia,14814.28,28959858215.08
Latvia,2018,22506.594,1.4497026809443818e-09,1935632.0,43.564,2018,Latvia,15524.8,30050299673.6
Latvia,2019,23394.699,1.4591922821963333e-09,1916552.0,44.837,2019,Latvia,16032.58,30727273264.16
Latvia,2020,21535.734,1.3646904980786517e-09,1897057.0,40.855,2020,Latvia,15780.86,29937190929.02
Lithuania,2000,21678.389,3.2354007350900207e-09,3599639.0,78.034,2000,Lithuania,6700.34,24118805177.260002
Lithuania,2001,25635.498,3.5622931535319114e-09,3560145.0,91.266,2001,Lithuania,7196.34,25620013869.3
Lithuania,2002,27703.938,3.5772597792755874e-09,3515799.0,97.401,2002,Lithuania,7744.42,27227824091.58
Lithuania,2003,29436.242,3.4112380018131634e-09,3469683.0,102.134,2003,Lithuania,8629.16,29940449756.28
Lithuania,2004,30054.08,3.232487151656077e-09,3422593.0,102.863,2004,Lithuania,9297.52,31821626869.36
Lithuania,2005,27817.504,2.7327795125773565e-09,3373536.0,93.843,2005,Lithuania,10179.16,34339762709.76
Lithuania,2006,26969.346,2.4279265859337714e-09,3322937.0,89.617,2006,Lithuania,11107.92,36910918361.04
Lithuania,2007,29979.059,2.401099635516476e-09,3272416.0,98.104,2007,Lithuania,12485.56,40857946312.96
Lithuania,2008,30124.529,2.327007918177883e-09,3224384.0,97.133,2008,Lithuania,12945.6,41741585510.4
Lithuania,2009,28308.246,2.5389828622450002e-09,3180482.0,90.034,2009,Lithuania,11149.46,35460656839.71999
Lithuania,2010,20948.318,1.8103033494696243e-09,3139021.0,65.757,2010,Lithuania,11571.68,36323746525.28
Lithuania,2011,22097.504,1.7606687362216138e-09,3099800.0,68.498,2011,Lithuania,12550.66,38904535868.0
Lithuania,2012,22394.059,1.6953603293050585e-09,3063340.0,68.601,2012,Lithuania,13209.1,40463964394.0
Lithuania,2013,20938.49,1.5153860196921289e-09,3028191.0,63.406,2013,Lithuania,13817.32,41841484068.12
Lithuania,2014,20422.297,1.4153320259643168e-09,2994928.0,61.163,2014,Lithuania,14429.26,43214594793.28
Lithuania,2015,21569.006,1.451394634715214e-09,2963764.0,63.925,2015,Lithuania,14860.78,44043844775.92
Lithuania,2016,22207.523,1.4392559541654533e-09,2933676.0,65.15,2016,Lithuania,15429.94,45266444659.44
Lithuania,2017,23635.178,1.4484809466809624e-09,2904452.0,68.647,2017,Lithuania,16317.16,47392407996.32
Lithuania,2018,24616.006,1.4369134868703063e-09,2876128.0,70.799,2018,Lithuania,17131.22,49271581516.16
Lithuania,2019,24873.117,1.384053382856733e-09,2849083.0,70.866,2019,Lithuania,17971.32,51201782299.56
Lithuania,2020,24924.742,1.387578485002374e-09,2820269.0,70.294,2020,Lithuania,17962.64,50659476750.159996
Luxembourg,2000,85402.43,2.751380357994429e-09,435634.0,37.204,2000,Luxembourg,31039.68,13521939957.12
Luxembourg,2001,90348.625,2.8840388277969453e-09,441254.0,39.867,2001,Luxembourg,31327.36,13823322909.44
Luxembourg,2002,97735.352,3.0484844054148607e-09,445920.0,43.582,2002,Luxembourg,32060.2,14296284384.0
Luxembourg,2003,101260.219,3.158019360543699e-09,451351.0,45.704,2003,Luxembourg,32064.54,14472362193.54
Luxembourg,2004,113106.172,3.466670856252524e-09,457798.0,51.78,2004,Luxembourg,32626.88,14936520410.24
Luxembourg,2005,113049.227,3.423408316104205e-09,464868.0,52.553,2005,Luxembourg,33022.44,15351075637.920002
Luxembourg,2006,109285.398,3.2094826769465036e-09,472402.0,51.627,2006,Luxembourg,34051.02,16085769950.039999
Luxembourg,2007,104455.211,2.8863682044915346e-09,479877.0,50.126,2007,Luxembourg,36189.4,17366460703.8
Luxembourg,2008,101834.57,2.9131144555059014e-09,488643.0,49.761,2008,Luxembourg,34957.46,17081718126.779999
Luxembourg,2009,95591.977,2.9239112921631524e-09,497876.0,47.593,2009,Luxembourg,32693.22,16277169600.720001
Luxembourg,2010,98832.992,2.9473224211510637e-09,507075.0,50.116,2010,Luxembourg,33533.32,17003908239.0
Luxembourg,2011,94211.609,2.8123456775847223e-09,518207.0,48.821,2011,Luxembourg,33499.22,17359530298.54
Luxembourg,2012,90375.617,2.7157392438405337e-09,530596.0,47.953,2012,Luxembourg,33278.5,17657438986.0
Luxembourg,2013,84137.461,2.514303543122743e-09,543068.0,45.692,2013,Luxembourg,33463.26,18172825681.68
Luxembourg,2014,79619.141,2.3737033111534006e-09,556075.0,44.274,2014,Luxembourg,33542.0,18651867650.0
Luxembourg,2015,75576.625,2.246898087842847e-09,569415.0,43.034,2015,Luxembourg,33635.62,19152626562.300003
Luxembourg,2016,72784.555,2.114593925012982e-09,583355.0,42.459,2016,Luxembourg,34419.92,20079032431.6
Luxembourg,2017,74384.773,2.1799102574924604e-09,596290.0,44.355,2017,Luxembourg,34122.94,20347167892.600002
Luxembourg,2018,76376.742,2.255124462123805e-09,607920.0,46.431,2018,Luxembourg,33868.12,20589107510.4
Luxembourg,2019,76273.703,2.246885226454357e-09,619981.0,47.288,2019,Luxembourg,33946.24,21046023821.44
Luxembourg,2020,64241.789,1.9371377944716355e-09,630401.0,40.498,2020,Luxembourg,33163.18,20906101835.18
Moldova,2000,7750.128,4.180643210448678e-09,4251571.0,32.95,2000,Moldova,1853.8,7881562319.8
Moldova,2001,7673.852,3.928014839829005e-09,4200500.0,32.234,2001,Moldova,1953.62,8206180810.0
Moldova,2002,8558.681,4.09134068217718e-09,4147644.0,35.498,2002,Moldova,2091.88,8676373530.720001
Moldova,2003,9629.671,4.344570104885098e-09,4093984.0,39.424,2003,Moldova,2216.5,9074315536.0
Moldova,2004,9094.614,3.847043855896255e-09,4046998.0,36.806,2004,Moldova,2364.06,9567346091.88
Moldova,2005,10069.241,3.986442784196235e-09,4001380.0,40.291,2005,Moldova,2525.88,10107005714.4
Moldova,2006,10814.542,4.110960173264035e-09,3942748.0,42.639,2006,Moldova,2630.66,10372029453.68
Moldova,2007,9570.557,3.5543529431000187e-09,3876847.0,37.104,2007,Moldova,2692.66,10439030843.019999
Moldova,2008,10052.481,3.485288206625907e-09,3812420.0,38.324,2008,Moldova,2884.24,10995934260.8
Moldova,2009,9210.98,3.4208197986861197e-09,3749496.0,34.537,2009,Moldova,2692.66,10096117899.359999
Moldova,2010,9287.713,3.2459827418614622e-09,3678186.0,34.162,2010,Moldova,2861.3,10524393601.800001
Moldova,2011,9207.143,3.035622570843779e-09,3595135.0,33.101,2011,Moldova,3033.04,10904188260.4
Moldova,2012,12907.23,4.236471650891661e-09,3507197.0,45.268,2012,Moldova,3046.68,10685306955.96
Moldova,2013,13035.35,3.883432622827056e-09,3416532.0,44.536,2013,Moldova,3356.68,11468204633.76
Moldova,2014,12760.212,3.5830492893010414e-09,3338338.0,42.598,2014,Moldova,3561.28,11888756352.640001
Moldova,2015,11617.373,3.239603160389608e-09,3277390.0,38.075,2015,Moldova,3586.08,11752982731.199999
Moldova,2016,11798.2,3.118059968228259e-09,3225125.0,38.051,2016,Moldova,3783.86,12203421482.5
Moldova,2017,12164.262,3.053216816609073e-09,3180515.0,38.689,2017,Moldova,3984.12,12671553421.8
Moldova,2018,13129.505,3.1326521202058897e-09,3141839.0,41.251,2018,Moldova,4191.2,13168075616.8
Moldova,2019,13488.875,3.0738140716376426e-09,3109496.0,41.944,2019,Moldova,4388.36,13645587866.56
Moldova,2020,13070.765,3.2131854918775616e-09,3084848.0,40.321,2020,Moldova,4067.82,12548606391.36
Montenegro,2005,,,632885.0,,2005,Montenegro,5581.24,3532283077.4
Montenegro,2006,24270.525,3.797548382700642e-09,632551.0,15.352,2006,Montenegro,6390.96,4042608138.96
Montenegro,2007,21851.393,2.9305124347067585e-09,631931.0,13.809,2007,Montenegro,7456.74,4712145164.94
Montenegro,2008,24712.115,2.941552654129454e-09,631475.0,15.605,2008,Montenegro,8401.0,5305021475.0
Montenegro,2009,21325.205,2.5555391097610176e-09,631187.0,13.46,2009,Montenegro,8344.58,5266990416.46
Montenegro,2010,26631.988,2.9603486517603847e-09,631048.0,16.806,2010,Montenegro,8996.2,5677034017.6
Montenegro,2011,21941.479,2.2474363315493397e-09,631801.0,13.863,2011,Montenegro,9763.14,6168361615.139999
Montenegro,2012,21276.305,2.225312743793652e-09,633053.0,13.469,2012,Montenegro,9561.02,6052632394.06
Montenegro,2013,22880.111,2.2972944159344444e-09,633951.0,14.505,2013,Montenegro,9959.68,6313949095.68
Montenegro,2014,20434.42,2.005221610396237e-09,634301.0,12.962,2014,Montenegro,10190.94,6464123432.940001
Montenegro,2015,21034.895,1.9668416039209555e-09,633969.0,13.335,2015,Montenegro,10694.38,6779905394.219999
Montenegro,2016,21028.148,1.9078262708899613e-09,633264.0,13.316,2016,Montenegro,11021.74,6979671159.36
Montenegro,2017,19660.412,1.7011809157366734e-09,632445.0,12.434,2017,Montenegro,11556.8,7309040376.0
Montenegro,2018,21852.676,1.7967107884798539e-09,631459.0,13.799,2018,Montenegro,12162.539999999999,7680145345.86
Montenegro,2019,20460.551,1.6137651667091507e-09,630403.0,12.898,2019,Montenegro,12678.38,7992488787.139999
Montenegro,2020,17942.342,1.6674257509606249e-09,629058.0,11.287,2020,Montenegro,10760.72,6769117001.759999
Netherlands,2000,63325.41,2.6949264957648514e-09,15899138.0,1006.819,2000,Netherlands,23498.0,373597944724.0
Netherlands,2001,65422.441,2.7311326567574343e-09,15981630.0,1045.557,2001,Netherlands,23954.32,382829079141.6
Netherlands,2002,65146.559,2.7184200901402385e-09,16057042.0,1046.061,2002,Netherlands,23964.86,384804763544.12
Netherlands,2003,65296.625,2.71407901071096e-09,16127574.0,1053.076,2003,Netherlands,24058.48,388004916527.52
Netherlands,2004,67222.883,2.732321496546596e-09,16196036.0,1088.744,2004,Netherlands,24602.84,398468482342.24
Netherlands,2005,68395.852,2.711863397929954e-09,16261834.0,1112.242,2005,Netherlands,25220.98,410139390077.32
Netherlands,2006,66740.0,2.545585627338053e-09,16325679.0,1089.576,2006,Netherlands,26217.94,428025672481.25995
Netherlands,2007,67568.078,2.4763290873726785e-09,16391232.0,1107.524,2007,Netherlands,27285.579999999998,447244272034.56
Netherlands,2008,66484.648,2.391412317262475e-09,16460775.0,1094.389,2008,Netherlands,27801.42,457632919300.5
Netherlands,2009,65268.383,2.438027329801608e-09,16536200.0,1079.291,2009,Netherlands,26770.98,442690279476.0
Netherlands,2010,70448.461,2.593503806196353e-09,16617121.0,1170.651,2010,Netherlands,27163.44,451378169256.24
Netherlands,2011,66766.094,2.4149998094509665e-09,16701470.0,1115.092,2011,Netherlands,27646.42,461735854237.39996
Netherlands,2012,65277.332,2.3946048651745596e-09,16785296.0,1095.699,2012,Netherlands,27260.16,457569854607.36
Netherlands,2013,63014.336,2.3213582237606305e-09,16867352.0,1062.885,2013,Netherlands,27145.46,457872029021.92
Netherlands,2014,59946.082,2.1852203687222618e-09,16954080.0,1016.331,2014,Netherlands,27432.52,465093138681.60004
Netherlands,2015,60683.023,2.1792317795714772e-09,17041110.0,1034.106,2015,Netherlands,27846.06,474527771526.60004
Netherlands,2016,60943.148,2.1530518936538955e-09,17124512.0,1043.622,2016,Netherlands,28305.48,484717531925.76
Netherlands,2017,61101.004,2.1100065338072686e-09,17207204.0,1051.377,2017,Netherlands,28957.72,498281395414.88
Netherlands,2018,59348.102,2.013986520543562e-09,17286042.0,1025.894,2018,Netherlands,29467.98,509384739935.16
Netherlands,2019,58836.934,1.9711750879112664e-09,17363260.0,1021.601,2019,Netherlands,29848.66,518270044231.6
Netherlands,2020,56705.539,1.987667340229246e-09,17434562.0,988.636,2020,Netherlands,28528.68,497385040238.16003
North Macedonia,2000,15136.714,3.020074276919182e-09,2037940.0,30.848,2000,North Macedonia,5012.08,10214318315.2
North Macedonia,2001,14134.944,2.9098451881518842e-09,2053391.0,29.025,2001,North Macedonia,4857.7,9974757460.699999
North Macedonia,2002,13736.116,2.7818482656232155e-09,2064739.0,28.361,2002,North Macedonia,4937.68,10195020465.52
North Macedonia,2003,15438.576,3.0516219763995785e-09,2071150.0,31.976,2003,North Macedonia,5059.2,10478362080.0
North Macedonia,2004,15211.423,2.8658446521559577e-09,2075879.0,31.577,2004,North Macedonia,5307.82,11018392073.779999
North Macedonia,2005,15711.266,2.8202973044445827e-09,2078667.0,32.658,2005,North Macedonia,5570.7,11579630256.9
North Macedonia,2006,15953.717,2.718341346329663e-09,2081081.0,33.201,2006,North Macedonia,5868.92,12213697902.52
North Macedonia,2007,15826.587,2.5276823062599114e-09,2083494.0,32.975,2007,North Macedonia,6261.38,13045547661.72
North Macedonia,2008,15306.128,2.312839323469201e-09,2086228.0,31.932,2008,North Macedonia,6617.88,13806406556.64
North Macedonia,2009,15049.309,2.2774558899288982e-09,2089793.0,31.45,2009,North Macedonia,6607.96,13809268552.28
North Macedonia,2010,16308.639,2.3830297939005572e-09,2093828.0,34.147,2010,North Macedonia,6843.56,14329237547.68
North Macedonia,2011,16243.486,2.3141843539889053e-09,2097110.0,34.064,2011,North Macedonia,7019.0199999999995,14719657032.199999
North Macedonia,2012,15064.223,2.1585854316815926e-09,2099486.0,31.627,2012,North Macedonia,6978.72,14651724937.92
North Macedonia,2013,14376.997,2.0045819135231956e-09,2102220.0,30.224,2013,North Macedonia,7172.16,15077458195.199999
North Macedonia,2014,13282.878,1.7900842727867598e-09,2105293.0,27.964,2014,North Macedonia,7420.16,15621610906.88
North Macedonia,2015,13986.548,1.8173552580812652e-09,2107965.0,29.483,2015,North Macedonia,7696.0599999999995,16223025117.9
North Macedonia,2016,14496.338,1.8333823410074072e-09,2110194.0,30.59,2016,North Macedonia,7906.86,16685008530.84
North Macedonia,2017,13935.601,1.7453778175067437e-09,2111982.0,29.432,2017,North Macedonia,7984.36,16862824601.519999
North Macedonia,2018,13911.034,1.6949090558727596e-09,2113497.0,29.401,2018,North Macedonia,8207.56,17346653437.32
North Macedonia,2019,14689.626,1.7229735618089628e-09,2114175.0,31.056,2019,North Macedonia,8525.62,18024652663.5
North Macedonia,2020,12822.86,1.575650481309553e-09,2111078.0,27.07,2020,North Macedonia,8138.12,17180206093.36
Norway,2000,129255.242,3.857814931822259e-09,4491204.0,580.512,2000,Norway,33504.8,150476891779.2
Norway,2001,116303.484,3.3155328171420746e-09,4514019.0,524.996,2001,Norway,35078.36,158344383528.84
Norway,2002,120364.25,3.299384289837509e-09,4538435.0,546.265,2002,Norway,36480.8,165565739548.0
Norway,2003,105588.055,2.798647171387312e-09,4565167.0,482.027,2003,Norway,37728.24,172235716216.08
Norway,2004,106903.023,2.6598823871981492e-09,4592284.0,490.929,2004,Norway,40190.88,184567935169.91998
Norway,2005,121278.375,2.8720194996373045e-09,4623691.0,560.754,2005,Norway,42227.58,195247281597.78
Norway,2006,110179.18,2.49201843043761e-09,4661081.0,513.554,2006,Norway,44212.82,206079535258.42
Norway,2007,117053.125,2.5213042654904592e-09,4709582.0,551.271,2007,Norway,46425.6,218645170099.19998
Norway,2008,118381.93,2.4952097413531204e-09,4768654.0,564.522,2008,Norway,47443.64,226242303660.56
Norway,2009,107938.016,2.2719920825005086e-09,4829195.0,521.254,2009,Norway,47508.12,229425975563.40002
Norway,2010,102332.453,2.1032214670772134e-09,4889747.0,500.38,2010,Norway,48655.12,237911227054.64
Norway,2011,102448.797,2.049540061596184e-09,4953565.0,507.487,2011,Norway,49986.26,247610188016.90002
Norway,2012,111982.734,2.210062591643043e-09,5019058.0,562.048,2012,Norway,50669.5,254313159331.0
Norway,2013,103711.922,2.050872642475813e-09,5080667.0,526.926,2013,Norway,50569.68,256927704376.56
Norway,2014,105633.75,2.0699164572253725e-09,5137926.0,542.738,2014,Norway,51032.82,262202852731.32
Norway,2015,105580.383,2.052094109984022e-09,5190357.0,548.0,2015,Norway,51450.08,267044282878.56
Norway,2016,106194.953,2.058360177405489e-09,5236591.0,556.1,2016,Norway,51592.06,270166517067.46
Norway,2017,105901.328,2.018989358718757e-09,5277396.0,558.883,2017,Norway,52452.62,276813246977.52
Norway,2018,103558.188,1.9710789853165857e-09,5312321.0,550.134,2018,Norway,52538.8,279102970554.8
Norway,2019,96392.5,1.8266099550536088e-09,5348285.0,515.535,2019,Norway,52771.3,282235952220.5
Norway,2020,103888.891,2.0057056691394733e-09,5379836.0,558.905,2020,Norway,51796.659999999996,278657536147.76
Poland,2000,26426.166,3.347696264416109e-09,38504432.0,1017.525,2000,Poland,7893.84,303947825498.88
Poland,2001,26135.066,3.2380792488062285e-09,38662860.0,1010.456,2001,Poland,8071.16,312054129117.6
Poland,2002,25864.023,3.1094333215495438e-09,38647476.0,999.579,2002,Poland,8317.92,321466613569.92
Poland,2003,26777.979,3.077109010778575e-09,38621536.0,1034.207,2003,Poland,8702.32,336096965163.51996
Poland,2004,26977.344,2.9190835815254667e-09,38596040.0,1041.219,2004,Poland,9241.72,356693794788.8
Poland,2005,27590.934,2.856138115130315e-09,38575912.0,1064.345,2005,Poland,9660.22,372651796620.63995
Poland,2006,28976.988,2.796784765135648e-09,38547180.0,1116.981,2006,Poland,10360.82,399380393487.6
Poland,2007,28913.844,2.5812376406302098e-09,38521868.0,1113.815,2007,Poland,11201.539999999999,431504245276.72
Poland,2008,29419.189,2.4958081538033865e-09,38522884.0,1133.312,2008,Poland,11787.44,454086183776.96
Poland,2009,28364.893,2.3202070884622752e-09,38555288.0,1093.617,2009,Poland,12225.16,471344564646.08
Poland,2010,30213.855,2.3645993322449475e-09,38597356.0,1166.175,2010,Poland,12777.58,493180804078.48
Poland,2011,30370.395,2.2431877539892598e-09,38620848.0,1172.93,2011,Poland,13538.94,522885343821.12
Poland,2012,29494.252,2.145753980074586e-09,38625872.0,1139.241,2012,Poland,13745.4,530928060988.8
Poland,2013,29578.533,2.131884805445045e-09,38607352.0,1141.949,2013,Poland,13874.36,535652300294.72003
Poland,2014,28535.256,1.979723583147851e-09,38581880.0,1100.944,2014,Poland,14413.76,556109958668.8
Poland,2015,28851.459,1.916188154339696e-09,38553148.0,1112.315,2015,Poland,15056.7,580483183491.6
Poland,2016,30122.609,1.941763678386608e-09,38532108.0,1160.688,2016,Poland,15513.02,597749362046.16
Poland,2017,31295.422,1.918529003482138e-09,38532816.0,1205.901,2017,Poland,16312.2,628555001155.2001
Poland,2018,31661.174,1.8315849188237603e-09,38521464.0,1219.635,2018,Poland,17286.22,665890501426.0801
Poland,2019,30777.799,1.7034383161037291e-09,38493600.0,1184.748,2019,Poland,18068.04,695503904544.0
Poland,2020,29514.133,1.6657956338424981e-09,38428368.0,1134.18,2020,Poland,17717.74,680863832848.3201
Portugal,2000,28476.131,1.9651386553844487e-09,10300632.0,293.322,2000,Portugal,14490.64,149262750084.47998
Portugal,2001,28699.385,1.9489442742368103e-09,10371815.0,297.665,2001,Portugal,14725.62,152731406400.30002
Portugal,2002,28321.012,1.9115772396909176e-09,10430913.0,295.414,2002,Portugal,14815.52,154539400169.76
Portugal,2003,28965.469,1.9730739293251253e-09,10473345.0,303.365,2003,Portugal,14680.36,153752475004.2
Portugal,2004,28331.549,1.892721835461775e-09,10501523.0,297.524,2004,Portugal,14968.66,157193727269.18
Portugal,2005,28219.037,1.8670361979303038e-09,10523314.0,296.958,2005,Portugal,15114.36,159053156189.04
Portugal,2006,27957.99,1.817630823863055e-09,10543946.0,294.788,2006,Portugal,15381.58,162182548914.68
Portugal,2007,28116.701,1.7800160140910106e-09,10565547.0,297.068,2007,Portugal,15795.74,166890633369.78
Portugal,2008,27100.385,1.708032993054768e-09,10580963.0,286.748,2008,Portugal,15866.42,167882002962.46
Portugal,2009,27307.855,1.768731717293775e-09,10591341.0,289.227,2009,Portugal,15439.24,163522255620.84
Portugal,2010,28813.4,1.8251286646601957e-09,10588401.0,305.088,2010,Portugal,15787.06,167159721891.06
Portugal,2011,27547.613,1.7678629329699779e-09,10564820.0,291.036,2011,Portugal,15582.46,164625885057.19998
Portugal,2012,25259.119,1.6827300098723785e-09,10522085.0,265.779,2012,Portugal,15010.82,157945123959.69998
Portugal,2013,27884.039,1.8646071560625744e-09,10464537.0,291.794,2013,Portugal,14954.4,156490872112.8
Portugal,2014,28600.113,1.887294128932232e-09,10408379.0,297.681,2014,Portugal,15154.039999999999,157728991701.16
Portugal,2015,28096.076,1.8138104200087948e-09,10365436.0,291.228,2015,Portugal,15490.08,160561432874.88
Portugal,2016,30146.477,1.9016521451238975e-09,10332751.0,311.496,2016,Portugal,15852.78,163802828397.78
Portugal,2017,29287.125,1.7805246943521616e-09,10307528.0,301.878,2017,Portugal,16448.6,169544405060.8
Portugal,2018,29893.375,1.7641839219569655e-09,10289833.0,307.598,2018,Portugal,16944.6,174357104251.8
Portugal,2019,28468.561,1.636619463790642e-09,10289921.0,292.939,2019,Portugal,17394.72,178990294617.12003
Portugal,2020,25782.078,1.6180565753261137e-09,10298186.0,265.509,2020,Portugal,15934.0,164091295724.0
Romania,2000,19175.828,4.362307919963667e-09,21919882.0,420.332,2000,Romania,4395.8,96355417295.6
Romania,2001,19502.389,4.001967320211136e-09,21797588.0,425.105,2001,Romania,4873.2,106224005841.59999
Romania,2002,20380.363,3.789666589999908e-09,21653530.0,441.307,2002,Romania,5377.88,116450085916.40001
Romania,2003,20540.846,3.5361759294514084e-09,21481322.0,441.245,2003,Romania,5808.78,124780273607.15999
Romania,2004,21481.434,3.2900422297581007e-09,21289292.0,457.324,2004,Romania,6529.22,139002471112.24
Romania,2005,21728.15,3.0975263130227596e-09,21092264.0,458.296,2005,Romania,7014.68,147955482435.52002
Romania,2006,22364.223,2.813020107704357e-09,20909406.0,467.623,2006,Romania,7950.26,166235214145.56
Romania,2007,21750.25,2.4329731944576437e-09,20744226.0,451.192,2007,Romania,8939.78,185448816710.28
Romania,2008,21966.107,2.1673203654971647e-09,20597516.0,452.447,2008,Romania,10135.14,208758708312.24
Romania,2009,19314.918,1.9635115048908977e-09,20466318.0,395.305,2009,Romania,9836.92,201325532860.56
Romania,2010,19617.842,1.932080511972623e-09,20335212.0,398.933,2010,Romania,10153.74,206478455492.88
Romania,2011,20211.152,1.8981373247712703e-09,20220286.0,408.675,2011,Romania,10647.88,215303178893.68
Romania,2012,19514.234,1.7902591254903244e-09,20137112.0,392.96,2012,Romania,10900.22,219498950964.63998
Romania,2013,18270.229,1.665709909895988e-09,20066550.0,366.62,2013,Romania,10968.42,220098348351.0
Romania,2014,19029.295,1.660217371818222e-09,19995836.0,380.507,2014,Romania,11461.94,229191072481.84
Romania,2015,19213.441,1.6172320368670232e-09,19906078.0,382.464,2015,Romania,11880.44,236492965314.32
Romania,2016,19323.846,1.5720514237204647e-09,19797820.0,382.57,2016,Romania,12292.12,243357179178.40002
Romania,2017,19747.191,1.38455523577748e-09,19698852.0,388.997,2017,Romania,14262.48,280954482672.95996
Romania,2018,20218.59,1.3587748194302572e-09,19606778.0,396.421,2018,Romania,14880.0,291748856640.0
Romania,2019,19839.047,1.3752141469201288e-09,19524212.0,387.342,2019,Romania,14426.16,281659406185.92
Romania,2020,18998.812,1.2356158520391475e-09,19442040.0,369.376,2020,Romania,15376.0,298940807040.0
Russia,2000,49127.297,7.50853508454225e-09,146844848.0,7214.09,2000,Russia,6542.86,960785282185.2799
Russia,2001,50112.773,7.095694815353735e-09,146235520.0,7328.268,2001,Russia,7062.42,1032776661158.4
Russia,2002,50130.184,6.59557285651843e-09,145590144.0,7298.46,2002,Russia,7600.58,1106569536683.52
Russia,2003,51387.617,6.129965122770344e-09,144946720.0,7448.467,2003,Russia,8383.02,1215091252694.4001
Russia,2004,52053.328,5.641891204977099e-09,144353648.0,7514.088,2004,Russia,9226.22,1331838514250.5598
Russia,2005,52182.891,5.181675222530803e-09,143800048.0,7503.902,2005,Russia,10070.66,1448161391391.68
Russia,2006,54674.262,4.8969509294176826e-09,143338672.0,7836.936,2006,Russia,11164.96,1600370539333.1199
Russia,2007,55047.945,4.435358480761223e-09,143117680.0,7878.334,2007,Russia,12411.16,1776256425308.8
Russia,2008,55313.555,4.137430160056182e-09,143086544.0,7914.625,2008,Russia,13369.06,1912932591928.64
Russia,2009,52542.598,4.167295719376853e-09,143163648.0,7522.19,2009,Russia,12608.32,1805053086351.3599
Russia,2010,54554.844,4.048014028399722e-09,143242592.0,7814.577,2010,Russia,13476.94,1930471817828.48
Russia,2011,56364.211,3.930393997082615e-09,143364544.0,8080.629,2011,Russia,14340.6,2055933579686.4001
Russia,2012,56593.086,3.8001321433298505e-09,143629360.0,8128.429,2012,Russia,14892.4,2138985880864.0
Russia,2013,55798.707,3.68995145210824e-09,143956864.0,8032.607,2013,Russia,15121.8,2176886906035.2
Russia,2014,55844.656,3.732008429214989e-09,144285072.0,8057.55,2014,Russia,14963.7,2159038531886.4001
Russia,2015,54818.855,3.745234929619891e-09,144668384.0,7930.555,2015,Russia,14636.96,2117505349872.64
Russia,2016,55769.246,3.809843152590671e-09,145109152.0,8092.628,2016,Russia,14638.2,2124136788806.4001
Russia,2017,55974.684,3.7595463608348166e-09,145452544.0,8141.66,2017,Russia,14888.68,2165596382801.92
Russia,2018,57958.258,3.786191273818049e-09,145652288.0,8441.753,2018,Russia,15307.8,2229616094246.4
Russia,2019,57486.199,3.672939071364706e-09,145742288.0,8378.17,2019,Russia,15651.28,2281053357328.64
Russia,2020,55455.547,3.632261333252617e-09,145617328.0,8075.289,2020,Russia,15267.5,2223212555240.0
Serbia,2000,,,7935023.0,,2000,Serbia,3757.2,29813468415.6
Serbia,2001,,,7917792.0,,2001,Serbia,4056.66,32119790094.719997
Serbia,2002,,,7904272.0,,2002,Serbia,4436.72,35069041667.840004
Serbia,2003,,,7887466.0,,2003,Serbia,4735.56,37351568490.96001
Serbia,2004,,,7863399.0,,2004,Serbia,5277.44,41498616418.56
Serbia,2005,,,7830944.0,,2005,Serbia,5702.76,44657994205.44
Serbia,2006,26329.176,4.288660845843528e-09,7794792.0,205.23,2006,Serbia,6139.24,47854098838.08
Serbia,2007,26348.527,3.9462994441811175e-09,7758181.0,204.417,2007,Serbia,6676.78,51799667737.18
Serbia,2008,26371.516,3.6510480225598543e-09,7722801.0,203.662,2008,Serbia,7223.0,55781791623.0
Serbia,2009,25290.535,3.5234755066725067e-09,7688037.0,194.435,2009,Serbia,7177.74,55182730696.38
Serbia,2010,26212.141,3.533735840240322e-09,7653749.0,200.621,2010,Serbia,7417.68,56773060882.32
Serbia,2011,26607.537,3.4434223673694636e-09,7620925.0,202.774,2011,Serbia,7727.0599999999995,58887344730.49999
Serbia,2012,25157.438,3.2623004607211437e-09,7591357.0,190.979,2012,Serbia,7711.5599999999995,58541204986.92
Serbia,2013,25155.992,3.1550653199712995e-09,7566674.0,190.347,2013,Serbia,7973.2,60330605136.799995
Serbia,2014,22474.787,2.8502638040316556e-09,7543965.0,169.549,2014,Serbia,7885.16,59485371059.4
Serbia,2015,24964.811,3.0940403472279737e-09,7519501.0,187.723,2015,Serbia,8068.68,60672447328.68
Serbia,2016,25665.121,3.0620109199378604e-09,7493288.0,192.316,2016,Serbia,8381.78,62807091492.64001
Serbia,2017,26359.041,3.0636703912016233e-09,7464882.0,196.767,2017,Serbia,8603.74,64225903858.68
Serbia,2018,26481.451,2.9294866412078002e-09,7433825.0,196.858,2018,Serbia,9039.6,67198804470.0
Serbia,2019,26602.787,2.805713907327198e-09,7401056.0,196.889,2019,Serbia,9481.66,70174296632.95999
Serbia,2020,26211.984,2.7711972138401396e-09,7358010.0,192.868,2020,Serbia,9458.72,69597356347.2
Slovakia,2000,40591.293,4.708361445630876e-09,5376700.0,218.247,2000,Slovakia,8621.1,46353068370.0
Slovakia,2001,41766.941,4.690571311765719e-09,5376457.0,224.558,2001,Slovakia,8904.44,47874338769.08
Slovakia,2002,42124.301,4.534032855284011e-09,5375206.0,226.427,2002,Slovakia,9290.7,49939426384.200005
Slovakia,2003,40913.172,4.183667965868044e-09,5374381.0,219.883,2003,Slovakia,9779.26,52557469138.06
Slovakia,2004,40008.508,3.894143300687012e-09,5374932.0,215.043,2004,Slovakia,10274.02,55222158866.64
Slovakia,2005,42086.473,3.8459646060283554e-09,5376251.0,226.267,2005,Slovakia,10943.0,58832314693.0
Slovakia,2006,40946.383,3.4578986846007134e-09,5377239.0,220.178,2006,Slovakia,11841.38,63673930349.81999
Slovakia,2007,38418.406,2.935349288661281e-09,5378381.0,206.629,2007,Slovakia,13088.2,70393326204.2
Slovakia,2008,39431.949,2.860743054488911e-09,5381641.0,212.209,2008,Slovakia,13783.84,74179678481.44
Slovakia,2009,35687.539,2.7471297160592377e-09,5388934.0,192.318,2009,Slovakia,12990.86,70006887143.24
Slovakia,2010,38080.727,2.7993508443720973e-09,5396428.0,205.5,2010,Slovakia,13603.42,73409876583.76
Slovakia,2011,36591.309,2.6250115634886426e-09,5402686.0,197.691,2011,Slovakia,13939.46,75310525389.56
Slovakia,2012,35105.086,2.4893824404352137e-09,5409283.0,189.893,2012,Slovakia,14101.9,76281167937.7
Slovakia,2013,35936.512,2.535414563503058e-09,5414744.0,194.587,2013,Slovakia,14173.82,76747606802.08
Slovakia,2014,33419.594,2.2983243913570985e-09,5419572.0,181.12,2014,Slovakia,14540.86,78805237711.92
Slovakia,2015,33734.289,2.207488002809311e-09,5424449.0,182.99,2015,Slovakia,15281.76,82895127750.24
Slovakia,2016,34015.234,2.1868370165090156e-09,5431205.0,184.744,2016,Slovakia,15554.56,84480004044.8
Slovakia,2017,35774.91,2.2374485183892936e-09,5439418.0,194.595,2017,Slovakia,15989.18,86971833497.24
Slovakia,2018,35121.086,2.114404877788056e-09,5446746.0,191.296,2018,Slovakia,16610.42,90472738693.31999
Slovakia,2019,33892.781,1.9929927674281097e-09,5453932.0,184.849,2019,Slovakia,17005.98,92749458513.36
Slovakia,2020,33193.328,2.0227258166724423e-09,5456681.0,181.125,2020,Slovakia,16410.16,89545008278.96
Slovenia,2000,39623.406,2.9723501244397626e-09,1984339.0,78.626,2000,Slovenia,13330.62,26452469160.18
Slovenia,2001,41459.707,3.038585863467602e-09,1982489.0,82.193,2001,Slovenia,13644.34,27049753962.260002
Slovenia,2002,41222.289,2.925727488192197e-09,1983769.0,81.775,2002,Slovenia,14089.5,27950313325.5
Slovenia,2003,40319.898,2.7962398811834677e-09,1989413.0,80.213,2003,Slovenia,14419.34,28686022447.420002
Slovenia,2004,42659.852,2.8489922493232492e-09,1996731.0,85.18,2004,Slovenia,14973.62,29898291236.22
Slovenia,2005,42491.914,2.7450392100304513e-09,2004780.0,85.187,2005,Slovenia,15479.539999999999,31033072201.199997
Slovenia,2006,42687.348,2.629582222262943e-09,2013577.0,85.954,2006,Slovenia,16233.46,32687321686.42
Slovenia,2007,42242.93,2.4479440919701217e-09,2023230.0,85.467,2007,Slovenia,17256.46,34913787565.799995
Slovenia,2008,46037.57,2.607784273226127e-09,2034037.0,93.642,2008,Slovenia,17653.88,35908645113.560005
Slovenia,2009,42289.82,2.6329533007194196e-09,2045578.0,86.507,2009,Slovenia,16061.72,32855501074.16
Slovenia,2010,42123.359,2.6130070677723077e-09,2057294.0,86.66,2010,Slovenia,16120.619999999999,33164854802.28
Slovenia,2011,40734.336,2.526554636267466e-09,2065457.0,84.135,2011,Slovenia,16122.48,33300289173.36
Slovenia,2012,39508.945,2.5218161094878186e-09,2069365.0,81.758,2012,Slovenia,15666.78,32420286194.7
Slovenia,2013,39029.039,2.5205303415610268e-09,2072374.0,80.883,2013,Slovenia,15484.5,32089675203.0
Slovenia,2014,39987.75,2.5155722894286782e-09,2074923.0,82.972,2014,Slovenia,15896.18,32983349494.14
Slovenia,2015,35959.715,2.2148972051357545e-09,2080865.0,74.827,2015,Slovenia,16235.32,33783509151.8
Slovenia,2016,38266.707,2.2855157920687926e-09,2090020.0,79.978,2016,Slovenia,16743.1,34993413862.0
Slovenia,2017,38524.098,2.196464546559443e-09,2098396.0,80.839,2017,Slovenia,17539.18,36804145155.28
Slovenia,2018,39165.715,2.1442002439665175e-09,2105931.0,82.48,2018,Slovenia,18265.82,38466556578.42
Slovenia,2019,37905.922,2.0225240649614314e-09,2112905.0,80.092,2019,Slovenia,18741.98,39600023251.9
Slovenia,2020,36542.867,2.0513055363663896e-09,2117648.0,77.385,2020,Slovenia,17814.46,37724755590.08
Spain,2000,37495.703,2.2403017206755894e-09,40741652.0,1527.637,2000,Spain,16736.9,681888955358.8
Spain,2001,39003.945,2.2344812594087037e-09,40966448.0,1597.853,2001,Spain,17455.48,715089013735.04
Spain,2002,38938.438,2.1842567038277864e-09,41477652.0,1615.075,2002,Spain,17826.86,739416295332.72
Spain,2003,40418.156,2.2194808321042226e-09,42230268.0,1706.87,2003,Spain,18210.64,769040207651.52
Spain,2004,41185.832,2.207815990809237e-09,42959672.0,1769.33,2004,Spain,18654.56,801393778904.3201
Spain,2005,40779.031,2.129528767463618e-09,43685372.0,1781.447,2005,Spain,19149.32,836545167747.04
Spain,2006,40681.789,2.056470066917985e-09,44422824.0,1807.2,2006,Spain,19782.34,878787408128.16
Spain,2007,40817.645,2.011147055054875e-09,45245784.0,1846.826,2007,Spain,20295.7,918294858328.8
Spain,2008,39067.871,1.9185450847799973e-09,45966544.0,1795.815,2008,Spain,20363.28,936029606104.32
Spain,2009,35904.375,1.8285534148356585e-09,46367772.0,1664.806,2009,Spain,19635.4,910449750328.8
Spain,2010,36714.199,1.862972511467269e-09,46572776.0,1709.882,2010,Spain,19707.32,917824599920.32
Spain,2011,35901.07,1.8324347089514474e-09,46729232.0,1677.629,2011,Spain,19592.0,915519113344.0
Spain,2012,35681.477,1.8779822048729723e-09,46756084.0,1668.326,2012,Spain,18999.9,888360920391.6001
Spain,2013,34008.008,1.8086731732889925e-09,46603460.0,1584.891,2013,Spain,18802.74,876272741480.4
Spain,2014,33478.238,1.7507668518019542e-09,46464548.0,1555.551,2014,Spain,19122.04,888496945437.92
Spain,2015,33920.238,1.7066491868618414e-09,46431344.0,1574.962,2015,Spain,19875.34,922838748656.96
Spain,2016,34212.625,1.6720190245375238e-09,46473320.0,1589.974,2016,Spain,20461.86,950930567575.2001
Spain,2017,34520.543,1.641265857996774e-09,46584168.0,1608.111,2017,Spain,21032.88,979799215443.8401
Spain,2018,34986.293,1.633081532485166e-09,46792044.0,1637.08,2018,Spain,21423.48,1002448418793.12
Spain,2019,33764.863,1.5578981477036982e-09,47131372.0,1591.384,2019,Spain,21673.34,1021494250022.48
Spain,2020,30391.289,1.5896935960666237e-09,47363808.0,1439.447,2020,Spain,19117.7,905487072201.6
Sweden,2000,72085.086,3.399301215467927e-09,8871042.0,639.47,2000,Sweden,21205.86,188118074706.12
Sweden,2001,77094.32,3.586861425845267e-09,8896748.0,685.889,2001,Sweden,21493.54,191222609007.92
Sweden,2002,71925.883,3.261440777134447e-09,8926011.0,642.011,2002,Sweden,22053.4,196848890987.40002
Sweden,2003,68647.008,3.038781899875256e-09,8961506.0,615.181,2003,Sweden,22590.32,202443288221.91998
Sweden,2004,73592.023,3.1222859813256924e-09,9004263.0,662.642,2004,Sweden,23569.92,212229758568.96
Sweden,2005,75121.828,3.0862784734676414e-09,9051739.0,679.983,2005,Sweden,24340.579999999998,220324577268.62
Sweden,2006,70265.688,2.7647299157952543e-09,9104724.0,639.75,2006,Sweden,25415.04,231396924648.96002
Sweden,2007,70870.68,2.695931374816711e-09,9164274.0,649.478,2007,Sweden,26288.0,240910434912.0
Sweden,2008,69369.703,2.651971940421175e-09,9229282.0,640.233,2008,Sweden,26157.8,241417712699.6
Sweden,2009,63081.84,2.536266339052525e-09,9301413.0,586.75,2009,Sweden,24871.92,231344000022.96
Sweden,2010,66485.906,2.5151936886444627e-09,9381722.0,623.752,2010,Sweden,26433.7,247993624831.4
Sweden,2011,64929.965,2.488789301852956e-09,9467384.0,614.717,2011,Sweden,26088.98,246994391828.32
Sweden,2012,68276.211,2.652092980926974e-09,9555984.0,652.446,2012,Sweden,25744.26,246011736651.84
Sweden,2013,63351.668,2.452596814911216e-09,9648935.0,611.276,2013,Sweden,25830.44,249236236581.4
Sweden,2014,62421.891,2.3775119660395815e-09,9747507.0,608.458,2014,Sweden,26255.14,255922160935.97998
Sweden,2015,63877.484,2.353207907764631e-09,9849344.0,629.151,2015,Sweden,27144.84,267358866984.96
Sweden,2016,62081.117,2.26894422379226e-09,9953322.0,617.913,2016,Sweden,27361.22,272335032972.84
Sweden,2017,63417.605,2.2904384012697166e-09,10058191.0,637.866,2017,Sweden,27687.96,278490790080.36
Sweden,2018,61487.004,2.20368701345239e-09,10162300.0,624.849,2018,Sweden,27901.86,283547071878.0
Sweden,2019,63283.469,2.24655884823346e-09,10267922.0,649.79,2019,Sweden,28169.079999999998,289237916251.76
Sweden,2020,59395.523,2.170938803167252e-09,10368968.0,615.87,2020,Sweden,27359.36,283688328340.48
Switzerland,2000,50728.715,1.8917585176958695e-09,7182052.0,364.336,2000,Switzerland,26815.62,192591177252.24
Switzerland,2001,53862.719,1.956698546057129e-09,7224413.0,389.127,2001,Switzerland,27527.38,198869161927.94
Switzerland,2002,49782.922,1.786953082614355e-09,7276479.0,362.244,2002,Switzerland,27859.079999999998,202716010579.31998
Switzerland,2003,48884.531,1.7350900696580406e-09,7330729.0,358.359,2003,Switzerland,28174.04,206536252075.16
Switzerland,2004,47846.156,1.6327704704950008e-09,7381153.0,353.16,2004,Switzerland,29303.68,216294945543.04
Switzerland,2005,45606.344,1.4928491948679815e-09,7428437.0,338.784,2005,Switzerland,30549.88,226937858937.56
Switzerland,2006,47162.109,1.4667070171214904e-09,7475014.0,352.537,2006,Switzerland,32155.06,240359523670.84
Switzerland,2007,46220.898,1.367636705945675e-09,7541909.0,348.594,2007,Switzerland,33796.2,254887864945.8
Switzerland,2008,47155.75,1.3568391614351758e-09,7638288.0,360.189,2008,Switzerland,34754.1,265461824980.8
Switzerland,2009,46436.273,1.3575229400246274e-09,7734402.0,359.157,2009,Switzerland,34206.64,264567904829.28
Switzerland,2010,44714.965,1.2604353001416154e-09,7822444.0,349.78,2010,Switzerland,35475.78,277507302406.32
Switzerland,2011,41971.254,1.15352133870572e-09,7910988.0,332.034,2011,Switzerland,36385.32,287843829896.16
Switzerland,2012,43889.645,1.2049110544049868e-09,7995738.0,350.93,2012,Switzerland,36425.62,291249714007.56
Switzerland,2013,44514.031,1.214425466540677e-09,8088370.0,360.046,2013,Switzerland,36654.4,296474349328.0
Switzerland,2014,41980.578,1.1327382605305498e-09,8187792.0,343.728,2014,Switzerland,37061.12,303448741847.04004
Switzerland,2015,40582.914,1.0896493271216526e-09,8281735.0,336.097,2015,Switzerland,37244.02,308445103974.69995
Switzerland,2016,37755.191,1.0040819636211262e-09,8372902.0,316.121,2016,Switzerland,37601.76,314835851507.52
Switzerland,2017,37489.188,9.928320026671316e-10,8451688.0,316.847,2017,Switzerland,37759.86,319134555643.68
Switzerland,2018,37794.062,9.802714028697956e-10,8514431.0,321.795,2018,Switzerland,38554.7,328271332875.69995
Switzerland,2019,39156.449,1.0113149317254451e-09,8575593.0,335.79,2019,Switzerland,38718.38,332033068499.33997
Switzerland,2020,35766.375,9.531857077066064e-10,8638609.0,308.972,2020,Switzerland,37523.02,324146698279.18
Turkey,2000,13486.676,1.827344762578256e-09,64113548.0,864.679,2000,Turkey,7380.48,473188758743.04
Turkey,2001,12073.247,1.7781929395731238e-09,65072016.0,785.631,2001,Turkey,6789.62,441814261273.92
Turkey,2002,13026.979,1.787583623794597e-09,65988664.0,859.633,2002,Turkey,7287.48,480891069126.72
Turkey,2003,13613.353,1.7735871769249874e-09,66867324.0,910.288,2003,Turkey,7675.6,513246832094.4
Turkey,2004,14380.439,1.7278196887061621e-09,67785080.0,974.779,2004,Turkey,8322.88,564167086630.3999
Turkey,2005,14507.764,1.6151038987590477e-09,68704712.0,996.752,2005,Turkey,8982.56,617144197822.72
Turkey,2006,15888.103,1.6613271312931851e-09,69601328.0,1105.833,2006,Turkey,9563.5,665632300328.0
Turkey,2007,16664.893,1.670428058118222e-09,70468864.0,1174.356,2007,Turkey,9976.42,703026984186.88
Turkey,2008,16521.768,1.646666323128662e-09,71320728.0,1178.344,2008,Turkey,10033.46,715593671558.8799
Turkey,2009,16535.234,1.7559739577708353e-09,72225648.0,1194.268,2009,Turkey,9416.56,680117147930.88
Turkey,2010,17211.758,1.6796289286983574e-09,73195352.0,1259.821,2010,Turkey,10247.36,750059122270.7201
Turkey,2011,18146.143,1.6333480623756757e-09,74173856.0,1345.969,2011,Turkey,11109.78,824055221911.68
Turkey,2012,18988.32,1.6519941755330415e-09,75277440.0,1429.392,2012,Turkey,11494.18,865252445299.2001
Turkey,2013,18532.307,1.505379445644406e-09,76576120.0,1419.132,2013,Turkey,12310.72,942707172006.3999
Turkey,2014,18718.594,1.468661788523716e-09,78112064.0,1462.148,2014,Turkey,12745.34,995564813781.76
Turkey,2015,20173.496,1.5120544896180065e-09,79646176.0,1606.742,2015,Turkey,13341.78,1062621758033.28
Turkey,2016,20824.393,1.5310996993492023e-09,81019400.0,1687.18,2016,Turkey,13600.94,1101939998236.0
Turkey,2017,21773.725,1.5086088886081655e-09,82089824.0,1787.401,2017,Turkey,14432.98,1184800787995.52
Turkey,2018,21345.375,1.4557307002898454e-09,82809304.0,1767.596,2018,Turkey,14663.0,1214232824552.0
Turkey,2019,21973.062,1.5082311968257945e-09,83481688.0,1834.348,2019,Turkey,14568.76,1216224676866.8801
Turkey,2020,21435.07,1.4574106717888371e-09,84135432.0,1803.449,2020,Turkey,14707.64,1237433645100.48
Ukraine,2000,32435.855,1.0126966718145444e-08,48879752.0,1585.457,2000,Ukraine,3202.92,156557935275.84
Ukraine,2001,32281.633,8.986389466937715e-09,48414536.0,1562.9,2001,Ukraine,3592.28,173918569382.08002
Ukraine,2002,32374.943,8.337483390923679e-09,47976540.0,1553.238,2002,Ukraine,3883.06,186295783412.4
Ukraine,2003,33439.895,7.672165495673249e-09,47605644.0,1591.928,2003,Ukraine,4358.6,207493959938.40002
Ukraine,2004,33554.93,6.723923847371571e-09,47261960.0,1585.872,2004,Ukraine,4990.38,235855139944.80002
Ukraine,2005,34223.043,6.4962309656391845e-09,46912616.0,1605.493,2005,Ukraine,5268.14,247142228854.24002
Ukraine,2006,34864.605,6.010392966130685e-09,46592552.0,1624.431,2006,Ukraine,5800.72,270270348237.44
Ukraine,2007,34933.59,5.440760361037753e-09,46313064.0,1617.882,2007,Ukraine,6420.72,297363216286.08
Ukraine,2008,33911.27,5.0531789255601785e-09,46062936.0,1562.053,2008,Ukraine,6710.88,309122835943.68
Ukraine,2009,29011.01,4.98795072726944e-09,45863884.0,1330.558,2009,Ukraine,5816.22,266754439398.48
Ukraine,2010,31235.119,5.247290397464463e-09,45683024.0,1426.915,2010,Ukraine,5952.62,271933682322.88
Ukraine,2011,32400.471,5.057467872784254e-09,45516136.0,1474.744,2011,Ukraine,6406.46,291597304638.56
Ukraine,2012,31779.547,4.9371336155062006e-09,45406228.0,1442.989,2012,Ukraine,6436.84,292272624639.52
Ukraine,2013,30228.559,4.685797570364871e-09,45307104.0,1369.568,2013,Ukraine,6451.1,292280658614.4
Ukraine,2014,26764.613,4.397345651797896e-09,45148072.0,1208.371,2014,Ukraine,6086.54,274795546150.88
Ukraine,2015,22306.594,4.0158925851081374e-09,44982568.0,1003.408,2015,Ukraine,5554.58,249859272561.44
Ukraine,2016,23419.848,4.096067650487544e-09,44833568.0,1049.995,2016,Ukraine,5717.64,256342201739.52002
Ukraine,2017,21840.365,3.716649111534783e-09,44657260.0,975.331,2017,Ukraine,5876.36,262422136373.59998
Ukraine,2018,22768.459,3.7369833446102924e-09,44446952.0,1011.989,2018,Ukraine,6092.74,270803722328.47998
Ukraine,2019,21661.146,3.4454959472021618e-09,44211100.0,957.663,2019,Ukraine,6286.8,277946343480.0
Ukraine,2020,20916.844,3.4531074870819492e-09,43909664.0,918.452,2020,Ukraine,6057.4,265978398713.59998
United Kingdom,2000,45275.645,2.285896265031548e-09,58850044.0,2664.474,2000,United Kingdom,19806.52,1165614573486.8801
United Kingdom,2001,45559.023,2.249917586353743e-09,59092016.0,2692.175,2001,United Kingdom,20249.2,1196566050387.2
United Kingdom,2002,44332.898,2.149159429623002e-09,59355688.0,2631.41,2002,United Kingdom,20628.02,1224390319177.76
United Kingdom,2003,44750.703,2.1085115442674533e-09,59649800.0,2669.371,2003,United Kingdom,21223.84,1265997811232.0
United Kingdom,2004,44856.602,2.0750690240031932e-09,59995852.0,2691.21,2004,United Kingdom,21616.92,1296925533015.8398
United Kingdom,2005,44937.305,2.034569664600312e-09,60383740.0,2713.482,2005,United Kingdom,22086.88,1333688419331.2
United Kingdom,2006,44057.82,1.9622518234479226e-09,60803700.0,2678.878,2006,United Kingdom,22452.68,1365206018916.0
United Kingdom,2007,42517.129,1.8626180392294933e-09,61260680.0,2604.628,2007,United Kingdom,22826.54,1398369362447.2
United Kingdom,2008,41451.902,1.8435934375681929e-09,61742152.0,2559.33,2008,United Kingdom,22484.3,1388229068213.5999
United Kingdom,2009,39040.559,1.8303777793319775e-09,62243384.0,2430.017,2009,United Kingdom,21329.24,1327604075748.1602
United Kingdom,2010,39540.008,1.8350178854666342e-09,62760048.0,2481.533,2010,United Kingdom,21547.48,1352320879079.04
United Kingdom,2011,37007.074,1.7068093230318342e-09,63286360.0,2342.043,2011,United Kingdom,21682.02,1372176123247.2
United Kingdom,2012,37292.91,1.706669249632007e-09,63808728.0,2379.613,2012,United Kingdom,21851.28,1394302381971.8398
United Kingdom,2013,36881.977,1.668126654914067e-09,64302296.0,2371.596,2013,United Kingdom,22109.82,1421712190146.72
United Kingdom,2014,34583.77,1.5273061464121076e-09,64773504.0,2240.112,2014,United Kingdom,22643.64,1466707906114.56
United Kingdom,2015,34890.32,1.516797604211085e-09,65224368.0,2275.699,2015,United Kingdom,23002.62,1500331351844.16
United Kingdom,2016,34296.684,1.4714379302821032e-09,65655204.0,2251.756,2016,United Kingdom,23308.28,1530309878289.1199
United Kingdom,2017,34098.812,1.4365811422506037e-09,66064808.0,2252.731,2017,United Kingdom,23736.079999999998,1568119567872.64
United Kingdom,2018,33771.496,1.4073159314157952e-09,66432996.0,2243.542,2018,United Kingdom,23997.1,1594199248311.5999
United Kingdom,2019,32893.762,1.3564402223330028e-09,66778660.0,2196.601,2019,United Kingdom,24250.06,1619386511719.6
United Kingdom,2020,29425.539,1.3696731453877758e-09,67059472.0,1973.261,2020,United Kingdom,21483.62,1440680213848.64
United States,2000,93999.859,3.3041163434523857e-09,282398560.0,26545.426,2000,United States,28449.32,8034047000979.2
United States,2001,90772.18,3.1912188965635167e-09,285470496.0,25912.779,2001,United States,28444.36,8120025557602.561
United States,2002,91201.062,3.179407911818054e-09,288350240.0,26297.848,2002,United States,28684.92,8271303566380.8
United States,2003,90619.109,3.0993649844108304e-09,291109824.0,26380.113,2003,United States,29237.96,8511457389719.04
United States,2004,91504.484,3.04348835882527e-09,293947872.0,26897.549,2004,United States,30065.66,8837736777275.52
United States,2005,90654.531,2.944657984470241e-09,296842656.0,26910.133,2005,United States,30786.1,9138627691881.6
United States,2006,89067.039,2.84524676662545e-09,299753088.0,26698.119,2006,United States,31303.8,9383410716134.4
United States,2007,89395.141,2.8326137444320254e-09,302743392.0,27063.787,2007,United States,31559.239999999998,9554351366542.08
United States,2008,86378.648,2.7711115487711707e-09,305694912.0,26405.514,2008,United States,31171.12,9528852785341.44
United States,2009,81376.18,2.708849917755995e-09,308512032.0,25105.531,2009,United States,30040.86,9267966761627.52
United States,2010,83397.477,2.7302667581754587e-09,311182848.0,25951.863,2010,United States,30545.54,9505248130897.92
United States,2011,81962.359,2.6612450311573742e-09,313876608.0,25726.066,2011,United States,30798.5,9666928711488.0
United States,2012,79102.344,2.5296302144642284e-09,316651328.0,25047.863,2012,United States,31270.32,9901788354984.959
United States,2013,80556.516,2.5470949465694323e-09,319375168.0,25727.75,2013,United States,31626.82,10100820950805.76
United States,2014,80725.086,2.5136929603413627e-09,322033952.0,25996.219,2014,United States,32114.14,10341843419281.28
United States,2015,79317.367,2.422572936503814e-09,324607776.0,25747.033,2015,United States,32740.96,10627970209704.959
United States,2016,78613.539,2.3788677217652546e-09,327210208.0,25723.152,2016,United States,33046.62,10813191403896.96
United States,2017,78289.008,2.3318177810782026e-09,329791232.0,25819.029,2017,United States,33574.24,11072489973063.68
United States,2018,80583.344,2.3437585144548597e-09,332140032.0,26764.953,2018,United States,34382.1,11419671794227.2
United States,2019,79489.016,2.270415421352239e-09,334319680.0,26574.742,2019,United States,35010.78,11704792766150.4
United States,2020,73236.141,2.1722137880089593e-09,335942016.0,24603.098,2020,United States,33714.98,11326278350599.682
