country,iso_code,year,population,gdp,greenhouse_gas_emissions,primary_energy_consumption,energy_per_gdp,GDP_per_capita
Albania,ALB,2000,3182027.0,9485495205.92,0.21,28.732,3.029045861735089e-09,2980.96
Albania,ALB,2001,3153615.0,10335405511.800001,0.17,27.233,2.6349232227906205e-09,3277.32
Albania,ALB,2002,3123554.0,10862408919.32,0.19,29.497,2.715511837115275e-09,3477.58
Albania,ALB,2003,3092993.0,11515522238.3,0.19,33.27,2.8891438279147944e-09,3723.1
Albania,ALB,2004,3062629.0,12190488471.6,0.22,35.487,2.9110400360636523e-09,3980.4
Albania,ALB,2005,3032636.0,12894646966.56,0.18,35.014,2.7153903546799424e-09,4251.96
Albania,ALB,2006,3003391.0,13680866479.740002,0.18,32.967,2.409715791673052e-09,4555.14
Albania,ALB,2007,2976089.0,14514147965.880001,0.12,28.377,1.9551268229253916e-09,4876.92
Albania,ALB,2008,2951690.0,15595667351.6,0.14,30.991,1.9871544642057623e-09,5283.64
Albania,ALB,2009,2930553.0,16096296796.74,0.12,33.773,2.0981844722719133e-09,5492.58
Albania,ALB,2010,2913402.0,16659590120.52,0.18,36.061,2.164579064618333e-09,5718.26
Albania,ALB,2011,2900660.0,17056112852.8,0.14,31.486,1.8460243709533813e-09,5880.08
Albania,ALB,2012,2892191.0,17275288218.28,0.11,30.81,1.7834724150881677e-09,5973.08
Albania,ALB,2013,2887019.0,17450239903.22,0.17,38.665,2.2157288504019562e-09,6044.38
Albania,ALB,2014,2884100.0,17777707764.0,0.11,34.06,1.9158825452723313e-09,6164.04
Albania,ALB,2015,2882482.0,18216306196.12,0.14,34.083,1.871015980575664e-09,6319.66
Albania,ALB,2016,2881064.0,18839680844.96,0.18,39.827,2.1139954719909462e-09,6539.14
Albania,ALB,2017,2879361.0,19562263459.56,0.11,36.863,1.8843933922168498e-09,6793.96
Albania,ALB,2018,2877019.0,20382931590.059998,0.2,42.032,2.062117503278942e-09,7084.74
Albania,ALB,2019,2873883.0,20873874393.9,0.12,33.296,1.5951039740724956e-09,7263.3
Albania,ALB,2020,2866850.0,20214904731.0,0.13,31.988,1.5823967723649817e-09,7051.26
Armenia,ARM,2000,3168525.0,10097455470.0,1.29,29.374,2.90904971923585e-09,3186.8
Armenia,ARM,2001,3133138.0,10602413666.48,1.32,28.887,2.7245682831002465e-09,3383.96
Armenia,ARM,2002,3105040.0,11708609033.6,0.8,27.671,2.3633037810548623e-09,3770.84
Armenia,ARM,2003,3084107.0,12893602770.619999,0.77,30.428,2.3599300010494156e-09,4180.66
Armenia,ARM,2004,3065748.0,13742521984.800001,0.92,31.559,2.2964489367312652e-09,4482.6
Armenia,ARM,2005,3047254.0,15127604922.36,0.91,36.559,2.4167077463771157e-09,4964.34
Armenia,ARM,2006,3026490.0,16510653016.2,0.75,36.503,2.2108756064453545e-09,5455.38
Armenia,ARM,2007,3004398.0,18092665019.88,0.76,40.962,2.264011407661141e-09,6022.06
Armenia,ARM,2008,2983425.0,18647062603.5,0.77,39.531,2.1199585607966022e-09,6250.22
Armenia,ARM,2009,2964300.0,15436236534.0,0.61,35.321,2.28818727428811e-09,5207.38
Armenia,ARM,2010,2946296.0,15218267025.12,0.75,39.338,2.5849198161043443e-09,5165.22
Armenia,ARM,2011,2928984.0,15372186727.2,1.19,41.415,2.6941515045949237e-09,5248.3
Armenia,ARM,2012,2914428.0,16399836087.36,1.65,43.885,2.6759413793058512e-09,5627.12
Armenia,ARM,2013,2901386.0,16900283311.4,1.54,43.054,2.5475312577131856e-09,5824.9
Armenia,ARM,2014,2889937.0,17460710360.3,1.59,43.884,2.513299808224183e-09,6041.9
Armenia,ARM,2015,2878598.0,17982947137.76,1.37,40.66,2.2610309471812587e-09,6247.12
Armenia,ARM,2016,2865841.0,17968995020.460003,1.28,40.95,2.2789254464912023e-09,6270.06
Armenia,ARM,2017,2851929.0,19264495202.1,1.4,43.641,2.2653591252805187e-09,6754.9
Armenia,ARM,2018,2836563.0,20207107499.4,1.62,42.928,2.1244010307400322e-09,7123.8
Armenia,ARM,2019,2820604.0,21683054777.52,1.48,45.635,2.10463887437633e-09,7687.38
Armenia,ARM,2020,2805610.0,20084015297.199997,1.54,47.937,2.3868235156484425e-09,7158.5199999999995
Austria,AUT,2000,8010425.0,172813063946.0,11.88,391.416,2.2649676538476757e-09,21573.52
Austria,AUT,2001,8039633.0,175815839809.12,13.52,405.367,2.3056341251169374e-09,21868.64
Austria,AUT,2002,8078994.0,179441566254.72,13.31,406.007,2.2626140000565253e-09,22210.88
Austria,AUT,2003,8120105.0,181557914901.30002,15.82,410.254,2.2596315904102864e-09,22359.06
Austria,AUT,2004,8171215.0,187229827508.1,15.61,417.87,2.231855925744107e-09,22913.34
Austria,AUT,2005,8227034.0,192007949334.44,16.11,425.459,2.2158405497000244e-09,23338.66
Austria,AUT,2006,8267771.0,199232942383.34,15.4,421.009,2.1131495372384016e-09,24097.54
Austria,AUT,2007,8294720.0,207277587552.0,14.37,411.992,1.9876340942874156e-09,24989.1
Austria,AUT,2008,8321134.0,211342657672.19998,14.19,420.009,1.987336605993897e-09,25398.3
Austria,AUT,2009,8342939.0,204132361711.52,13.22,406.845,1.993045084027165e-09,24467.68
Austria,AUT,2010,8362829.0,208891425946.24002,15.59,420.157,2.0113654646032765e-09,24978.56
Austria,AUT,2011,8391201.0,215624664320.52,14.89,396.069,1.836844598683083e-09,25696.52
Austria,AUT,2012,8429641.0,217108944404.21997,12.83,414.524,1.9092902926570666e-09,25755.42
Austria,AUT,2013,8479542.0,217137667084.08002,11.12,411.203,1.8937432897847888e-09,25607.24
Austria,AUT,2014,8546066.0,218570936510.91998,9.34,394.798,1.8062694258542263e-09,25575.62
Austria,AUT,2015,8642422.0,221062092459.84,10.79,394.844,1.786122602959305e-09,25578.72
Austria,AUT,2016,8736491.0,225033661528.90002,10.55,407.984,1.8129909864511737e-09,25757.9
Austria,AUT,2017,8797497.0,230270437126.38,11.56,417.204,1.8118000956024793e-09,26174.54
Austria,AUT,2018,8840518.0,235863605757.12,10.79,408.313,1.7311403287053084e-09,26679.84
Austria,AUT,2019,8879939.0,239431393646.02,11.37,429.028,1.7918619336705833e-09,26963.18
Austria,AUT,2020,8907780.0,223690924270.80002,9.86,401.102,1.793108063313406e-09,25111.86
Belarus,BLR,2000,10256489.0,57937060192.979996,12.01,255.06,4.402363515691544e-09,5648.82
Belarus,BLR,2001,10201212.0,59844798125.28,11.53,247.96,4.143384350314238e-09,5866.44
Belarus,BLR,2002,10135391.0,62022511685.399994,12.17,256.526,4.136014376541056e-09,6119.4
Belarus,BLR,2003,10065881.0,65485199386.46,12.25,254.586,3.887687636065125e-09,6505.66
Belarus,BLR,2004,9999713.0,72017133048.96,14.36,285.081,3.9585163686839774e-09,7201.92
Belarus,BLR,2005,9935166.0,77798310879.6,14.24,284.15,3.6523929219973432e-09,7830.6
Belarus,BLR,2006,9874700.0,84445077002.0,14.6,302.147,3.5780297765948384e-09,8551.66
Belarus,BLR,2007,9825990.0,90510534726.6,14.62,294.774,3.256792161160101e-09,9211.34
Belarus,BLR,2008,9787829.0,98454597371.51999,16.09,298.66,3.033479471486758e-09,10058.88
Belarus,BLR,2009,9757710.0,97334913637.8,13.92,282.563,2.9029973874684437e-09,9975.18
Belarus,BLR,2010,9731426.0,103606989308.64,16.03,306.248,2.9558623606724316e-09,10646.64
Belarus,BLR,2011,9706983.0,107836427264.28,14.78,300.733,2.7887886090938357e-09,11109.16
Belarus,BLR,2012,9693754.0,109654775872.59999,14.12,325.298,2.9665648159086147e-09,11311.9
Belarus,BLR,2013,9691143.0,110893035828.95999,14.39,294.823,2.6586250236194385e-09,11442.72
Belarus,BLR,2014,9693741.0,113020295693.1,15.89,294.944,2.609655179109628e-09,11659.1
Belarus,BLR,2015,9700609.0,108998564882.34,15.58,267.03,2.449848769002135e-09,11236.26
Belarus,BLR,2016,9708111.0,106548848171.64,15.29,272.842,2.5607221915761834e-09,10975.24
Belarus,BLR,2017,9707874.0,109501518042.84,15.59,277.869,2.537581258839627e-09,11279.66
Belarus,BLR,2018,9695573.0,113065700185.34,17.64,307.253,2.7174731107342325e-09,11661.58
Belarus,BLR,2019,9673971.0,114739100442.6,18.08,308.826,2.6915497751744617e-09,11860.6
Belarus,BLR,2020,9633745.0,113802080960.70001,17.09,286.783,2.52001543011359e-09,11812.86
Belgium,BEL,2000,10264351.0,214590627746.40002,22.42,743.348,3.4640282653838797e-09,20906.4
Belgium,BEL,2001,10309249.0,216826805372.74,20.43,736.859,3.3983759467990567e-09,21032.26
Belgium,BEL,2002,10355569.0,220991984687.6,20.91,733.474,3.319007252850631e-09,21340.4
Belgium,BEL,2003,10402550.0,223078107628.0,21.89,761.691,3.4144587655825854e-09,21444.56
Belgium,BEL,2004,10456164.0,231696046843.19998,21.58,764.62,3.3000994640079278e-09,22158.8
Belgium,BEL,2005,10516979.0,236942909399.24002,21.49,756.118,3.1911400173025192e-09,22529.56
Belgium,BEL,2006,10582970.0,243114526752.80002,20.71,758.241,3.1188634020663972e-09,22972.24
Belgium,BEL,2007,10653698.0,251549364179.08,21.19,763.469,3.035066307925471e-09,23611.46
Belgium,BEL,2008,10726720.0,253499639468.80002,19.91,775.734,3.0600990266712985e-09,23632.54
Belgium,BEL,2009,10801357.0,247776432738.66,21.89,715.849,2.8890923647893317e-09,22939.38
Belgium,BEL,2010,10877948.0,254524185334.64,22.54,764.721,3.004512121292403e-09,23398.18
Belgium,BEL,2011,10955742.0,259000314325.19998,19.56,713.592,2.755178123467511e-09,23640.6
Belgium,BEL,2012,11031140.0,261076858476.4,18.72,684.924,2.6234573374181825e-09,23667.26
Belgium,BEL,2013,11103260.0,262763089204.00003,17.0,701.93,2.6713417098512117e-09,23665.4
Belgium,BEL,2014,11176727.0,267474500993.26,15.32,650.872,2.4333983149160113e-09,23931.38
Belgium,BEL,2015,11248306.0,273099871035.2,16.73,657.443,2.407335446581964e-09,24279.2
Belgium,BEL,2016,11316837.0,276847631255.58,15.71,709.499,2.5627779323313236e-09,24463.34
Belgium,BEL,2017,11384491.0,281918932119.22,16.06,716.052,2.5399216527153653e-09,24763.42
Belgium,BEL,2018,11448598.0,287275548118.72,16.26,714.219,2.4861809669399386e-09,25092.64
Belgium,BEL,2019,11510569.0,293711966213.68,17.19,738.429,2.514126371898588e-09,25516.72
Belgium,BEL,2020,11561716.0,277863414330.96,17.41,664.032,2.3897784513979914e-09,24033.06
Bulgaria,BGR,2000,8097694.0,42228016625.079994,15.77,217.501,5.150632622201398e-09,5214.82
Bulgaria,BGR,2001,8034863.0,43997624209.92,17.79,224.82,5.10982136052043e-09,5475.84
Bulgaria,BGR,2002,7974804.0,46833152962.560005,15.85,218.066,4.656231455830644e-09,5872.64
Bulgaria,BGR,2003,7917745.0,49487648153.9,17.63,225.451,4.555702451223331e-09,6250.22
Bulgaria,BGR,2004,7865314.0,52929473256.71999,17.25,217.999,4.11866936484811e-09,6729.48
Bulgaria,BGR,2005,7815221.0,56972648481.16,16.86,236.2,4.145849039791572e-09,7289.96
Bulgaria,BGR,2006,7766040.0,61178688628.8,17.4,240.772,3.935553464718367e-09,7877.72
Bulgaria,BGR,2007,7719035.0,65972276434.50001,20.21,232.765,3.5282244691237638e-09,8546.7
Bulgaria,BGR,2008,7674912.0,70244171585.28,20.65,230.313,3.27874889549218e-09,9152.44
Bulgaria,BGR,2009,7634737.0,67987791069.21999,18.75,202.215,2.9742840121709513e-09,8905.06
Bulgaria,BGR,2010,7592271.0,69130056981.72,20.1,211.541,3.060043767299911e-09,9105.32
Bulgaria,BGR,2011,7543128.0,70674885208.32,23.98,224.733,3.179814149504185e-09,9369.44
Bulgaria,BGR,2012,7488347.0,71104101269.09999,20.4,213.658,3.004861831969322e-09,9495.3
Bulgaria,BGR,2013,7431169.0,70556571680.92,17.6,198.108,2.807789484102338e-09,9494.68
Bulgaria,BGR,2014,7372142.0,71074821022.0,19.09,211.55,2.976440840203007e-09,9641.0
Bulgaria,BGR,2015,7309255.0,73350712886.59999,19.98,224.68,3.0630922476152986e-09,10035.32
Bulgaria,BGR,2016,7245982.0,75456178476.64,17.55,213.117,2.8243810421167504e-09,10413.52
Bulgaria,BGR,2017,7182430.0,77421711347.59999,18.82,218.174,2.817995058523893e-09,10779.32
Bulgaria,BGR,2018,7117424.0,79351021388.16,17.27,218.818,2.757595254251509e-09,11148.84
Bulgaria,BGR,2019,7052536.0,82383635081.12,16.2,211.548,2.5678400788177997e-09,11681.42
Bulgaria,BGR,2020,6979181.0,78770386772.87999,13.17,195.374,2.4802975839553157e-09,11286.48
Croatia,HRV,2000,4548438.0,37351318012.2,3.37,96.55,2.5849154765693684e-09,8211.9
Croatia,HRV,2001,4506760.0,38610134001.6,3.89,101.516,2.629257904046466e-09,8567.16
Croatia,HRV,2002,4482874.0,40812443525.92,4.66,101.622,2.4899758804066664e-09,9104.08
Croatia,HRV,2003,4461141.0,43535382790.799995,5.4,106.32,2.4421514911422302e-09,9758.8
Croatia,HRV,2004,4443351.0,45810859942.979996,4.3,110.541,2.4129867925987094e-09,10309.98
Croatia,HRV,2005,4429687.0,48284562831.14,4.27,109.285,2.263352790045749e-09,10900.22
Croatia,HRV,2006,4417562.0,51236386047.08,4.39,107.95,2.106901136641587e-09,11598.34
Croatia,HRV,2007,4405542.0,54585017823.36,5.21,108.455,1.986900514550826e-09,12390.08
Croatia,HRV,2008,4393666.0,56434618683.64,4.78,107.864,1.9113090956574323e-09,12844.539999999999
Croatia,HRV,2009,4382142.0,52985530636.08,4.02,106.489,2.009775097495906e-09,12091.24
Croatia,HRV,2010,4368680.0,52847135597.6,3.82,108.264,2.0486256970362024e-09,12096.82
Croatia,HRV,2011,4351838.0,53458239102.28,4.06,94.448,1.7667622724963976e-09,12284.06
Croatia,HRV,2012,4331592.0,52137986794.56,3.62,87.595,1.6800610339089567e-09,12036.68
Croatia,HRV,2013,4308854.0,51834910380.44,3.38,96.073,1.8534420006685941e-09,12029.86
Croatia,HRV,2014,4283968.0,51538191344.64,2.79,96.009,1.8628709602550884e-09,12030.48
Croatia,HRV,2015,4254821.0,52828368114.520004,2.85,91.02,1.7229379450580252e-09,12416.12
Croatia,HRV,2016,4223748.0,54770607440.399994,3.23,94.731,1.7295955700890098e-09,12967.3
Croatia,HRV,2017,4192468.0,56800562656.32,3.04,94.783,1.668698258739059e-09,13548.24
Croatia,HRV,2018,4160488.0,58497959055.68,2.68,98.16,1.6780072601604537e-09,14060.36
Croatia,HRV,2019,4129749.0,60400882924.2,3.02,95.813,1.5862847587880527e-09,14625.8
Croatia,HRV,2020,4096872.0,55048194190.079994,3.1,91.378,1.6599636254092936e-09,13436.64
Cyprus,CYP,2000,948238.0,13126212092.119999,2.36,30.261,2.3053870977878266e-09,13842.74
Cyprus,CYP,2001,964838.0,13816017037.76,2.49,30.61,2.2155444594734532e-09,14319.52
Cyprus,CYP,2002,982202.0,14510423738.720001,2.65,30.186,2.080297622146683e-09,14773.36
Cyprus,CYP,2003,1000355.0,15100498774.699999,2.84,32.088,2.1249629220037134e-09,15095.14
Cyprus,CYP,2004,1018688.0,16013877228.800001,2.94,31.228,1.950058661860996e-09,15720.1
Cyprus,CYP,2005,1037070.0,16823017677.6,3.07,34.993,2.080066767485687e-09,16221.68
Cyprus,CYP,2006,1055445.0,17761070677.8,3.26,34.412,1.9374958089104622e-09,16828.04
Cyprus,CYP,2007,1073875.0,18715708275.0,3.41,34.987,1.8693922498639716e-09,17428.2
Cyprus,CYP,2008,1092402.0,19463260889.879997,3.54,35.855,1.8421887371731708e-09,17816.94
Cyprus,CYP,2009,1110979.0,19104061590.3,3.64,35.004,1.8322805249839185e-09,17195.7
Cyprus,CYP,2010,1129693.0,19352318905.8,3.69,34.056,1.7597891067097505e-09,17130.6
Cyprus,CYP,2011,1145090.0,19361914577.6,3.34,33.725,1.7418215468741303e-09,16908.64
Cyprus,CYP,2012,1156556.0,18595639383.76,3.13,31.605,1.6995920036823998e-09,16078.46
Cyprus,CYP,2013,1166972.0,17568576744.48,2.78,28.278,1.6095783062725826e-09,15054.84
Cyprus,CYP,2014,1176997.0,17597635246.1,2.83,28.294,1.6078296659927953e-09,14951.3
Cyprus,CYP,2015,1187286.0,18463294620.24,2.92,29.184,1.5806496402872566e-09,15550.84
Cyprus,CYP,2016,1197889.0,19761526917.44,3.14,31.737,1.605999381150622e-09,16496.96
Cyprus,CYP,2017,1208527.0,20884869304.019997,3.22,32.596,1.5607471382991033e-09,17281.26
Cyprus,CYP,2018,1218834.0,21982646257.2,3.23,32.462,1.4767102932099308e-09,18035.8
Cyprus,CYP,2019,1228840.0,23073560028.0,3.26,32.493,1.4082352251048133e-09,18776.7
Cyprus,CYP,2020,1237540.0,21970146623.199997,3.0,28.281,1.2872467573855825e-09,17753.079999999998
Denmark,DNK,2000,5340662.0,129206742579.24,21.81,236.519,1.8305468838435229e-09,24193.02
Denmark,DNK,2001,5360753.0,131038889622.36,22.9,237.216,1.8102717497349911e-09,24444.12
Denmark,DNK,2002,5378700.0,132421334945.99998,23.4,236.755,1.787891657311461e-09,24619.579999999998
Denmark,DNK,2003,5396355.0,133772726418.29999,28.27,255.233,1.907959917045425e-09,24789.46
Denmark,DNK,2004,5415583.0,138265141261.34,22.52,241.652,1.7477434861419244e-09,25530.98
Denmark,DNK,2005,5436314.0,142454802950.19998,19.31,227.599,1.5976927087503333e-09,26204.3
Denmark,DNK,2006,5457863.0,148975099516.5,27.25,251.563,1.6886244803087894e-09,27295.5
Denmark,DNK,2007,5479722.0,151120978854.84,22.01,238.634,1.579092471530515e-09,27578.22
Denmark,DNK,2008,5502752.0,150954354295.04,19.98,226.621,1.5012551380735244e-09,27432.52
Denmark,DNK,2009,5526455.0,144217264389.0,19.98,214.577,1.4878731815437666e-09,26095.8
Denmark,DNK,2010,5550850.0,147751637164.0,20.04,227.938,1.5427104861585762e-09,26617.84
Denmark,DNK,2011,5576016.0,150644436264.0,16.3,214.153,1.4215792186623015e-09,27016.5
Denmark,DNK,2012,5600955.0,151092482271.0,12.61,199.192,1.3183448772965986e-09,26976.2
Denmark,DNK,2013,5625393.0,152567858663.04,15.28,207.784,1.3619120162059157e-09,27121.28
Denmark,DNK,2014,5650654.0,154906576703.68,11.99,200.002,1.2911136780369424e-09,27413.92
Denmark,DNK,2015,5677795.0,158202786758.9,8.62,194.821,1.231463768693948e-09,27863.42
Denmark,DNK,2016,5706856.0,162826759883.68,10.4,197.839,1.2150275553068305e-09,28531.78
Denmark,DNK,2017,5737286.0,167262770621.04,8.42,198.832,1.1887403231558625e-09,29153.64
Denmark,DNK,2018,5766689.0,170604841388.06,8.63,196.311,1.1506766068465106e-09,29584.54
Denmark,DNK,2019,5795879.0,173344192390.22,6.06,192.071,1.108032506607568e-09,29908.18
Denmark,DNK,2020,5825638.0,170376725460.76,5.42,171.16,1.0045973095041106e-09,29246.02
Estonia,EST,2000,1396881.0,14555974959.54,5.82,55.487,3.811974131188908e-09,10420.34
Estonia,EST,2001,1388000.0,15229330320.0,5.8,57.843,3.798131551722755e-09,10972.14
Estonia,EST,2002,1379241.0,15896000788.380001,5.84,57.606,3.623930368832774e-09,11525.18
Estonia,EST,2003,1370663.0,16802464278.32,6.99,62.824,3.7389753645279865e-09,12258.64
Estonia,EST,2004,1362489.0,17574037116.72,7.08,64.102,3.6475398096782857e-09,12898.48
Estonia,EST,2005,1354665.0,18913534703.7,6.96,64.466,3.408458599089291e-09,13961.78
Estonia,EST,2006,1346711.0,20522501994.78,6.61,63.681,3.102984227566287e-09,15238.98
Estonia,EST,2007,1340576.0,21758031087.36,8.37,73.755,3.389782821058972e-09,16230.36
Estonia,EST,2008,1337013.0,20250372157.739998,7.19,67.854,3.350753234135758e-09,15145.98
Estonia,EST,2009,1334557.0,16993661632.92,5.81,58.717,3.455229441914616e-09,12733.56
Estonia,EST,2010,1331535.0,17099652362.099998,8.45,73.149,4.27780626477114e-09,12842.06
Estonia,EST,2011,1327435.0,18103744370.899998,8.32,72.963,4.0302712248456675e-09,13638.14
Estonia,EST,2012,1322682.0,18684311746.56,7.54,73.483,3.932871651722953e-09,14126.08
Estonia,EST,2013,1317985.0,18961164842.8,8.58,77.463,4.085350274744039e-09,14386.48
Estonia,EST,2014,1314531.0,19546366123.26,7.91,74.158,3.793953286885006e-09,14869.46
Estonia,EST,2015,1314658.0,19948462733.039997,6.2,68.62,3.439864059617331e-09,15173.88
Estonia,EST,2016,1315928.0,20556795570.56,7.62,70.763,3.442316666384609e-09,15621.52
Estonia,EST,2017,1317550.0,21779681222.0,8.16,78.485,3.6035880966302235e-09,16530.44
Estonia,EST,2018,1322146.0,22621283429.920002,7.56,77.874,3.4425102466555934e-09,17109.52
Estonia,EST,2019,1327039.0,23453715715.08,4.14,62.763,2.6760365292415207e-09,17673.72
Estonia,EST,2020,1329449.0,23295190335.559998,2.62,58.786,2.523525206414109e-09,17522.44
Finland,FIN,2000,5176208.0,104910348502.4,18.25,359.11,3.423017892193779e-09,20267.8
Finland,FIN,2001,5188007.0,107697007231.88,22.3,366.894,3.406724192530706e-09,20758.84
Finland,FIN,2002,5200588.0,109586478300.71999,24.5,368.768,3.3650866942548437e-09,21071.94
Finland,FIN,2003,5212991.0,111851707312.94,31.67,394.928,3.530817807680538e-09,21456.34
Finland,FIN,2004,5228143.0,116332350958.74,28.41,393.254,3.3804354228126687e-09,22251.18
Finland,FIN,2005,5246070.0,119652049795.79999,17.74,357.548,2.988231297417778e-09,22807.94
Finland,FIN,2006,5266249.0,124598503415.18,28.09,383.512,3.077982395358982e-09,23659.82
Finland,FIN,2007,5288694.0,131156332209.72,25.58,382.192,2.9140186642980533e-09,24799.38
Finland,FIN,2008,5313358.0,132199535054.79999,20.15,368.496,2.787422813909665e-09,24880.6
Finland,FIN,2009,5338813.0,121356878631.78001,20.45,341.288,2.8122674532156773e-09,22731.06
Finland,FIN,2010,5363279.0,125078638542.7,25.83,371.291,2.9684605167272166e-09,23321.3
Finland,FIN,2011,5388173.0,128388524136.32,20.46,349.923,2.7255006033752653e-09,23827.84
Finland,FIN,2012,5413865.0,126594029454.5,15.69,340.459,2.6893764379493634e-09,23383.3
Finland,FIN,2013,5438873.0,125452283175.78,18.44,341.801,2.724549855510231e-09,23065.86
Finland,FIN,2014,5461436.0,124973821530.56,15.66,329.823,2.6391367084773665e-09,22882.96
Finland,FIN,2015,5479457.0,125654579156.57999,13.07,328.893,2.6174374400646526e-09,22931.94
Finland,FIN,2016,5495217.0,129208377894.96,13.8,334.083,2.5856140711834716e-09,23512.88
Finland,FIN,2017,5508146.0,133333817452.36,12.64,327.216,2.4541110893859607e-09,24206.66
Finland,FIN,2018,5515465.0,134837786257.3,13.97,333.841,2.475871261806081e-09,24447.22
Finland,FIN,2019,5521539.0,136506247927.5,12.29,326.982,2.3953628860538593e-09,24722.5
Finland,FIN,2020,5529468.0,133263717659.52,9.75,313.171,2.3500094812012615e-09,24100.64
France,FRA,2000,58665456.0,1215207988675.2,43.37,3107.309,2.5570182462242847e-09,20714.2
France,FRA,2001,59014776.0,1241104345190.4001,39.28,3145.42,2.534371918194723e-09,21030.4
France,FRA,2002,59372784.0,1257210389010.24,43.22,3113.109,2.4762036865212728e-09,21174.86
France,FRA,2003,59728260.0,1269884924990.4001,46.68,3145.164,2.4767315038595144e-09,21261.04
France,FRA,2004,60108436.0,1307856180850.0798,45.63,3170.968,2.4245540499253787e-09,21758.28
France,FRA,2005,60510080.0,1331639279552.0,50.23,3152.401,2.367308510950919e-09,22006.9
France,FRA,2006,60919152.0,1365985271763.8398,45.55,3127.131,2.289286030121003e-09,22422.92
France,FRA,2007,61329380.0,1401040247997.6,46.59,3072.352,2.192907737226734e-09,22844.52
France,FRA,2008,61721004.0,1406772280409.76,44.82,3081.914,2.190769638354198e-09,22792.44
France,FRA,2009,62093300.0,1368020957610.0,41.55,2909.973,2.1271406580523927e-09,22031.7
France,FRA,2010,62444568.0,1397131017757.92,45.95,2997.734,2.1456355645232806e-09,22373.94
France,FRA,2011,62775272.0,1428038253070.24,45.03,2882.312,2.0183717024408235e-09,22748.42
France,FRA,2012,63071412.0,1432233192265.44,45.46,2881.175,2.0116661278061093e-09,22708.12
France,FRA,2013,63335180.0,1439047491705.2,44.91,2908.428,2.0210785375496238e-09,22721.14
France,FRA,2014,63588496.0,1451584197218.88,32.23,2785.743,1.9191053507865836e-09,22827.78
France,FRA,2015,63809768.0,1466881918300.48,36.95,2803.133,1.9109465901984065e-09,22988.36
France,FRA,2016,63989320.0,1481562642969.5999,42.12,2754.993,1.859518403135472e-09,23153.28
France,FRA,2017,64144092.0,1512706272990.48,47.12,2734.68,1.8078063460355666e-09,23582.94
France,FRA,2018,64277812.0,1536503245829.2,38.36,2785.428,1.812835740868739e-09,23904.1
France,FRA,2019,64399760.0,1560580064152.0,38.77,2725.835,1.7466806494681098e-09,24232.7
France,FRA,2020,64480052.0,1435756684267.36,35.53,2454.33,1.7094331002557017e-09,22266.68
Georgia,GEO,2000,4265175.0,12936446382.0,0.86,40.194,3.1070356427965137e-09,3033.04
Georgia,GEO,2001,4144485.0,13169101087.5,0.77,37.133,2.819706504891692e-09,3177.5
Georgia,GEO,2002,4061127.0,13614278487.18,0.39,43.765,3.21463969179209e-09,3352.34
Georgia,GEO,2003,4017826.0,14978696397.56,0.45,38.952,2.600493325063001e-09,3728.06
Georgia,GEO,2004,3988861.0,15686834100.26,0.54,40.229,2.564507264045919e-09,3932.66
Georgia,GEO,2005,3961183.0,16823144201.0,0.63,45.765,2.720359491258456e-09,4247.0
Georgia,GEO,2006,3933866.0,18043699214.16,1.04,41.373,2.292933367429006e-09,4586.76
Georgia,GEO,2007,3906476.0,20102725496.0,0.86,51.746,2.5740788238040816e-09,5146.0
Georgia,GEO,2008,3879701.0,20354618514.44,0.76,51.765,2.543157463908096e-09,5246.44
Georgia,GEO,2009,3855203.0,19270000883.32,0.71,52.634,2.7313958270525914e-09,4998.44
Georgia,GEO,2010,3836834.0,20084521466.44,0.57,56.745,2.8253100326446614e-09,5234.66
Georgia,GEO,2011,3821667.0,21196952448.839996,1.25,52.819,2.4918204693566938e-09,5546.5199999999995
Georgia,GEO,2012,3804358.0,22400592514.120003,1.31,54.695,2.4416764853663365e-09,5888.14
Georgia,GEO,2013,3786025.0,23137686023.5,1.02,61.591,2.661934297900168e-09,6111.34
Georgia,GEO,2014,3774232.0,24120965742.72,1.14,64.329,2.666933019438298e-09,6390.96
Georgia,GEO,2015,3771135.0,24854042331.0,1.3,68.213,2.744543486792052e-09,6590.6
Georgia,GEO,2016,3771112.0,25590388920.8,1.25,72.101,2.817503095523333e-09,6785.9
Georgia,GEO,2017,3771904.0,26844565329.92,1.25,71.688,2.6704846630576323e-09,7116.98
Georgia,GEO,2018,3772323.0,28150281369.36,1.22,73.12,2.597487358672976e-09,7462.32
Georgia,GEO,2019,3770814.0,29532411917.760002,1.52,74.132,2.510191182705907e-09,7831.84
Georgia,GEO,2020,3765912.0,27483701094.239998,1.58,70.411,2.5619184169761132e-09,7298.0199999999995
Germany,DEU,2000,81551680.0,1687103642067.2,285.3,3988.179,2.3639205681005486e-09,20687.54
Germany,DEU,2001,81514568.0,1731467241801.6,287.66,4062.799,2.346448666145504e-09,21241.2
Germany,DEU,2002,81443424.0,1746669877342.0798,289.28,4011.723,2.2967837552134737e-09,21446.42
Germany,DEU,2003,81346808.0,1750902187647.3599,301.3,4010.471,2.290516870841747e-09,21523.92
Germany,DEU,2004,81266672.0,1790140625482.56,297.23,4009.893,2.2399877098588674e-09,22027.98
Germany,DEU,2005,81212168.0,1823028007856.9602,296.01,3962.631,2.173653384874885e-09,22447.72
Germany,DEU,2006,81177816.0,1913253968402.8801,298.78,4062.384,2.123285286266068e-09,23568.68
Germany,DEU,2007,81183832.0,2000876207591.6802,308.99,3893.425,1.9458600113428574e-09,24646.24
Germany,DEU,2008,81217488.0,2050197414830.4,296.65,3934.661,1.9191620141251082e-09,25243.3
Germany,DEU,2009,81260624.0,1963017769605.4402,273.66,3692.18,1.880869372232996e-09,24157.06
Germany,DEU,2010,81325088.0,2072830107961.6,288.71,3847.15,1.8559890582558395e-09,25488.2
Germany,DEU,2011,81423384.0,2180288609577.12,286.0,3710.586,1.7018783585351527e-09,26777.18
Germany,DEU,2012,81545568.0,2188565619502.08,294.78,3761.915,1.7188952282161281e-09,26838.56
Germany,DEU,2013,81680592.0,2195785048887.3599,301.4,3868.519,1.7617931235847704e-09,26882.579999999998
Germany,DEU,2014,81858824.0,2239858797347.04,287.1,3710.461,1.656560227990616e-09,27362.46
Germany,DEU,2015,82073232.0,2259566357515.1997,287.23,3780.858,1.673267079510661e-09,27531.1
Germany,DEU,2016,82331432.0,2298578317435.1997,288.07,3842.884,1.671852540699143e-09,27918.6
Germany,DEU,2017,82624368.0,2359776737390.4,273.99,3892.673,1.6495937680548456e-09,28560.3
Germany,DEU,2018,82896696.0,2383590043643.04,260.4,3795.127,1.5921894833054388e-09,28753.74
Germany,DEU,2019,83148144.0,2410667576031.36,216.76,3697.411,1.5337705773962346e-09,28992.44
Germany,DEU,2020,83328992.0,2324672220899.84,188.66,3447.96,1.4832026506796538e-09,27897.52
Greece,GRC,2000,11038112.0,143476691209.6,37.46,373.052,2.6000878390415456e-09,12998.3
Greece,GRC,2001,11072182.0,150434193735.76,38.14,376.025,2.4995979348983233e-09,13586.68
Greece,GRC,2002,11096620.0,157508531333.6,38.04,376.371,2.389527708837901e-09,14194.28
Greece,GRC,2003,11110488.0,167941692412.80002,39.08,398.316,2.37175173286298e-09,15115.6
Greece,GRC,2004,11115089.0,177659136540.4,39.53,398.232,2.2415509146046164e-09,15983.6
Greece,GRC,2005,11113450.0,179782725188.0,39.82,399.606,2.22271633485436e-09,16177.039999999999
Greece,GRC,2006,11106097.0,190949569062.34003,38.58,411.306,2.1540032900818927e-09,17193.22
Greece,GRC,2007,11091491.0,198207827957.65997,42.0,419.35,2.1157085687331137e-09,17870.26
Greece,GRC,2008,11073621.0,198472066238.16,41.27,411.585,2.0737678999427125e-09,17922.96
Greece,GRC,2009,11055503.0,190826826182.4,39.04,396.398,2.0772655916894347e-09,17260.8
Greece,GRC,2010,11033784.0,181401367203.36002,34.69,378.437,2.086186040570208e-09,16440.54
Greece,GRC,2011,11004730.0,166131585877.4,36.72,371.285,2.2348850643850286e-09,15096.38
Greece,GRC,2012,10963633.0,154614853655.16,36.62,349.302,2.2591749223464254e-09,14102.52
Greece,GRC,2013,10914501.0,151140735497.7,31.25,328.303,2.1721675425153398e-09,13847.7
Greece,GRC,2014,10862972.0,152158083322.88,28.77,307.91,2.023619076132905e-09,14007.039999999999
Greece,GRC,2015,10806644.0,152065907178.88,27.07,311.723,2.0499203653407353e-09,14071.52
Greece,GRC,2016,10749742.0,151158572107.2,27.23,306.97,2.0307812896135342e-09,14061.6
Greece,GRC,2017,10692230.0,152292211869.8,28.03,322.177,2.115518555048899e-09,14243.26
Greece,GRC,2018,10633275.0,154293924222.0,25.54,324.05,2.100212316421176e-09,14510.48
Greece,GRC,2019,10574026.0,156489240384.4,21.63,316.865,2.0248356961900587e-09,14799.4
Greece,GRC,2020,10512232.0,141868247445.28,18.67,276.929,1.9520153733259744e-09,13495.539999999999
Hungary,HUN,2000,10202054.0,83044515518.92,14.48,280.802,3.381343105506167e-09,8139.98
Hungary,HUN,2001,10177955.0,87928167481.4,14.81,287.644,3.2713521530042937e-09,8639.08
Hungary,HUN,2002,10148404.0,93744664141.51999,14.38,280.912,2.9965652186446165e-09,9237.38
Hungary,HUN,2003,10118060.0,99304711676.0,14.73,284.387,2.8637815386631926e-09,9814.6
Hungary,HUN,2004,10094499.0,106389760870.62,13.43,288.927,2.7157406656018578e-09,10539.38
Hungary,HUN,2005,10073533.0,113301256534.86,12.84,308.077,2.7190960579083457e-09,11247.42
Hungary,HUN,2006,10057063.0,120049753042.18001,13.16,302.061,2.5161317899077185e-09,11936.86
Hungary,HUN,2007,10041171.0,123041296259.28,14.61,298.086,2.422650029400335e-09,12253.68
Hungary,HUN,2008,10023508.0,126659252259.76,14.3,293.896,2.320367401169094e-09,12636.22
Hungary,HUN,2009,10008581.0,120761736801.42,11.63,272.688,2.2580662320914346e-09,12065.82
Hungary,HUN,2010,9986832.0,124059622890.23999,12.05,277.827,2.2394635218728945e-09,12422.32
Hungary,HUN,2011,9953247.0,128887780442.04,11.49,269.464,2.0906869454639746e-09,12949.32
Hungary,HUN,2012,9922133.0,127537510040.72,10.72,251.116,1.9689579945525363e-09,12853.84
Hungary,HUN,2013,9894637.0,129834260430.16,8.68,238.041,1.83342208143933e-09,13121.68
Hungary,HUN,2014,9867906.0,135326291944.68001,7.91,238.269,1.760699983543493e-09,13713.78
Hungary,HUN,2015,9844250.0,140336280955.0,8.21,251.04,1.788846036760074e-09,14255.66
Hungary,HUN,2016,9815106.0,143425984654.68,8.78,255.495,1.7813717689660162e-09,14612.78
Hungary,HUN,2017,9788940.0,149549747734.8,8.94,269.293,1.8006917703234344e-09,15277.42
Hungary,HUN,2018,9776361.0,157570693944.72,8.51,271.203,1.7211512700143672e-09,16117.52
Hungary,HUN,2019,9771799.0,165227831443.36,8.69,274.892,1.6637148693332143e-09,16908.64
Hungary,HUN,2020,9750571.0,157729331735.82,8.59,270.327,1.713866387595994e-09,16176.42
Iceland,ISL,2000,281469.0,5777702904.24,0.2,33.23,5.751420685825499e-09,20526.96
Iceland,ISL,2001,285245.0,5976533108.599999,0.22,33.6,5.621988431997625e-09,20952.28
Iceland,ISL,2002,287799.0,5972232168.6,0.23,34.911,5.845553055279794e-09,20751.4
Iceland,ISL,2003,289806.0,6094915782.12,0.23,35.086,5.756601281174062e-09,21031.02
Iceland,ISL,2004,292364.0,6563449007.12,0.24,35.781,5.451554504527259e-09,22449.579999999998
Iceland,ISL,2005,297037.0,6976828818.959999,0.24,35.904,5.146177573173141e-09,23488.079999999998
Iceland,ISL,2006,304086.0,7297559217.24,0.28,39.382,5.396598893909985e-09,23998.34
Iceland,ISL,2007,311859.0,7948917916.38,0.34,45.02,5.663663969561088e-09,25488.82
Iceland,ISL,2008,317722.0,8039065588.400001,0.45,56.451,7.0220847658534075e-09,25302.2
Iceland,ISL,2009,318809.0,7452236889.160001,0.46,56.355,7.562158964910763e-09,23375.24
Iceland,ISL,2010,318346.0,7159365963.959999,0.46,56.386,7.875837090022382e-09,22489.26
Iceland,ISL,2011,319308.0,7273453070.4,0.47,56.377,7.751063965674226e-09,22778.8
Iceland,ISL,2012,320988.0,7350329891.039999,0.48,56.898,7.740877054968413e-09,22899.079999999998
Iceland,ISL,2013,324036.0,7683509228.400001,0.51,58.717,7.641950865753969e-09,23711.9
Iceland,ISL,2014,327650.0,7813489209.0,0.5,58.63,7.50368989215046e-09,23847.06
Iceland,ISL,2015,331068.0,8160607695.12,0.51,61.207,7.500299277540503e-09,24649.34
Iceland,ISL,2016,335677.0,8675055122.42,0.5,61.442,7.082606292749422e-09,25843.46
Iceland,ISL,2017,343641.0,9037682698.98,0.52,64.246,7.108680636381586e-09,26299.78
Iceland,ISL,2018,352951.0,9479917968.02,0.55,66.459,7.0105037010020454e-09,26859.02
Iceland,ISL,2019,360787.0,9649226667.779999,0.54,63.328,6.563012993721071e-09,26744.94
Iceland,ISL,2020,366682.0,8950032925.12,0.53,57.112,6.381205575200077e-09,24408.16
Ireland,IRL,2000,3768954.0,90682314684.36,14.66,173.349,1.9116075786483817e-09,24060.34
Ireland,IRL,2001,3829019.0,97252947259.48,15.48,183.168,1.8834184995061443e-09,25398.92
Ireland,IRL,2002,3894256.0,103852252663.36,15.01,181.354,1.7462692945897295e-09,26668.06
Ireland,IRL,2003,3958706.0,108908990029.56,14.64,176.855,1.6238787996472848e-09,27511.26
Ireland,IRL,2004,4031961.0,117563838198.78,14.78,180.362,1.5341622284825308e-09,29157.98
Ireland,IRL,2005,4121220.0,125772463477.2,15.02,188.174,1.4961462533021955e-09,30518.26
Ireland,IRL,2006,4234809.0,134681832727.68001,15.13,194.294,1.4426147615087244e-09,31803.52
Ireland,IRL,2007,4359841.0,141431672497.24,15.25,197.324,1.395189610048985e-09,32439.64
Ireland,IRL,2008,4452393.0,136873061313.78,15.62,196.379,1.4347527418109199e-09,30741.46
Ireland,IRL,2009,4499797.0,132173077256.64,13.87,176.612,1.3362176599480476e-09,29373.12
Ireland,IRL,2010,4524581.0,136402000457.28,13.84,178.3,1.307165579700146e-09,30146.88
Ireland,IRL,2011,4544504.0,138005679670.4,12.59,170.262,1.233731831955308e-09,30367.6
Ireland,IRL,2012,4564550.0,134029794560.0,13.11,167.469,1.2494908355994722e-09,29363.2
Ireland,IRL,2013,4588830.0,137078539302.6,11.88,164.997,1.2036676261611613e-09,29872.22
Ireland,IRL,2014,4622165.0,145384838363.6,11.61,164.553,1.1318442958161937e-09,31453.84
Ireland,IRL,2015,4665764.0,153886881454.96,12.35,173.913,1.1301353198901579e-09,32982.14
Ireland,IRL,2016,4715791.0,156969536278.54,13.49,181.641,1.1571735784304087e-09,33285.94
Ireland,IRL,2017,4771860.0,164099111791.19998,12.65,182.408,1.1115721347236557e-09,34388.92
Ireland,IRL,2018,4834506.0,174097619438.76,11.7,186.485,1.0711519238526829e-09,36011.46
Ireland,IRL,2019,4896021.0,181324529416.68002,10.3,187.375,1.0333681857759914e-09,37035.08
Ireland,IRL,2020,4946123.0,169076784795.09998,9.99,176.231,1.0423134093398453e-09,34183.7
Italy,ITA,2000,56966400.0,1155537219456.0,136.24,2099.285,1.8167177695827872e-09,20284.54
Italy,ITA,2001,56994992.0,1184174689685.44,135.36,2097.537,1.7713070700381059e-09,20776.82
Italy,ITA,2002,57107576.0,1196038228713.5999,145.06,2083.352,1.741877433333173e-09,20943.6
Italy,ITA,2003,57425176.0,1207603214132.16,148.87,2149.784,1.7802072525493694e-09,21029.16
Italy,ITA,2004,57860664.0,1236635141832.96,149.08,2197.52,1.7770156496950276e-09,21372.64
Italy,ITA,2005,58199876.0,1258318567040.64,149.15,2200.25,1.748563565405086e-09,21620.64
Italy,ITA,2006,58429904.0,1293794666702.72,153.63,2190.067,1.6927469685599035e-09,22142.68
Italy,ITA,2007,58778480.0,1323269340113.6,152.92,2148.299,1.6234782556176906e-09,22512.82
Italy,ITA,2008,59224228.0,1319791784742.48,149.57,2111.905,1.6001804408958937e-09,22284.66
Italy,ITA,2009,59562844.0,1257615844500.4,129.87,1971.705,1.567811831110699e-09,21114.1
Italy,ITA,2010,59822452.0,1289468167063.8398,131.12,2036.733,1.5795139826039336e-09,21554.92
Italy,ITA,2011,60025952.0,1308182788026.24,131.18,1997.912,1.5272422311979885e-09,21793.62
Italy,ITA,2012,60190152.0,1269181583102.4001,126.9,1943.877,1.5315988081456143e-09,21086.2
Italy,ITA,2013,60312600.0,1245849634404.0,111.71,1858.6,1.4918333229588597e-09,20656.54
Italy,ITA,2014,60322792.0,1245835765073.44,102.45,1762.32,1.4145684763642294e-09,20652.82
Italy,ITA,2015,60232908.0,1255556171918.16,109.38,1814.766,1.4453881400045324e-09,20845.02
Italy,ITA,2016,60118628.0,1271773504163.2002,110.21,1821.932,1.4325915692030339e-09,21154.4
Italy,ITA,2017,60004024.0,1292972709554.4,114.0,1843.121,1.425491030383154e-09,21548.1
Italy,ITA,2018,59877432.0,1304908875576.0,104.59,1853.64,1.4205129834692746e-09,21793.0
Italy,ITA,2019,59727936.0,1311167958570.24,102.57,1819.556,1.3877367793399487e-09,21952.34
Italy,ITA,2020,59500576.0,1194694215331.2,93.63,1651.962,1.3827488061805286e-09,20078.7
Latvia,LVA,2000,2392536.0,16776940939.199999,0.75,37.754,2.250350653126891e-09,7012.2
Latvia,LVA,2001,2359255.0,17704981962.399998,0.81,40.664,2.296754669751033e-09,7504.48
Latvia,LVA,2002,2326150.0,18770402195.0,0.83,41.022,2.1854619615410963e-09,8069.3
Latvia,LVA,2003,2294342.0,20116882429.679996,0.87,40.519,2.01417889385381e-09,8768.039999999999
Latvia,LVA,2004,2263453.0,21570752359.06,0.82,45.556,2.111933753709146e-09,9530.02
Latvia,LVA,2005,2233165.0,23634478461.0,0.83,46.958,1.9868430808611614e-09,10583.4
Latvia,LVA,2006,2203917.0,26138411541.66,1.1,44.543,1.7041203873084004e-09,11859.98
Latvia,LVA,2007,2176059.0,28388952756.359997,1.03,45.926,1.6177419573785148e-09,13046.039999999999
Latvia,LVA,2008,2150411.0,27121069548.44,1.09,46.243,1.7050581252854717e-09,12612.039999999999
Latvia,LVA,2009,2126268.0,23178107265.12,1.07,43.821,1.890620295210422e-09,10900.84
Latvia,LVA,2010,2101537.0,22332613391.6,1.57,49.67,2.2241015473219294e-09,10626.8
Latvia,LVA,2011,2076974.0,23730175660.64,1.57,44.336,1.868338466349316e-09,11425.36
Latvia,LVA,2012,2053635.0,25426876389.0,1.17,45.963,1.8076542040328713e-09,12381.4
Latvia,LVA,2013,2031491.0,25923531612.44,1.5,44.237,1.706441879191023e-09,12760.84
Latvia,LVA,2014,2011040.0,26394457571.2,1.35,40.747,1.5437710697438467e-09,13124.78
Latvia,LVA,2015,1991951.0,27391278361.98,1.57,41.746,1.5240617633218912e-09,13750.98
Latvia,LVA,2016,1973477.0,28035332670.62,1.69,44.499,1.587247082915243e-09,14206.06
Latvia,LVA,2017,1954861.0,28959858215.08,1.33,48.978,1.6912375618778457e-09,14814.28
Latvia,LVA,2018,1935632.0,30050299673.6,1.87,43.564,1.4497026809443818e-09,15524.8
Latvia,LVA,2019,1916552.0,30727273264.16,1.85,44.837,1.4591922821963333e-09,16032.58
Latvia,LVA,2020,1897057.0,29937190929.02,1.28,40.855,1.3646904980786517e-09,15780.86
Lithuania,LTU,2000,3599639.0,24118805177.260002,1.36,78.034,3.2354007350900207e-09,6700.34
Lithuania,LTU,2001,3560145.0,25620013869.3,1.57,91.266,3.5622931535319114e-09,7196.34
Lithuania,LTU,2002,3515799.0,27227824091.58,1.6,97.401,3.5772597792755874e-09,7744.42
Lithuania,LTU,2003,3469683.0,29940449756.28,1.66,102.134,3.4112380018131634e-09,8629.16
Lithuania,LTU,2004,3422593.0,31821626869.36,1.76,102.863,3.232487151656077e-09,9297.52
Lithuania,LTU,2005,3373536.0,34339762709.76,1.89,93.843,2.7327795125773565e-09,10179.16
Lithuania,LTU,2006,3322937.0,36910918361.04,1.55,89.617,2.4279265859337714e-09,11107.92
Lithuania,LTU,2007,3272416.0,40857946312.96,1.61,98.104,2.401099635516476e-09,12485.56
Lithuania,LTU,2008,3224384.0,41741585510.4,1.54,97.133,2.327007918177883e-09,12945.6
Lithuania,LTU,2009,3180482.0,35460656839.71999,1.71,90.034,2.5389828622450002e-09,11149.46
Lithuania,LTU,2010,3139021.0,36323746525.28,2.06,65.757,1.8103033494696243e-09,11571.68
Lithuania,LTU,2011,3099800.0,38904535868.0,1.52,68.498,1.7606687362216138e-09,12550.66
Lithuania,LTU,2012,3063340.0,40463964394.0,1.65,68.601,1.6953603293050585e-09,13209.1
Lithuania,LTU,2013,3028191.0,41841484068.12,1.35,63.406,1.5153860196921289e-09,13817.32
Lithuania,LTU,2014,2994928.0,43214594793.28,1.11,61.163,1.4153320259643168e-09,14429.26
Lithuania,LTU,2015,2963764.0,44043844775.92,1.33,63.925,1.451394634715214e-09,14860.78
Lithuania,LTU,2016,2933676.0,45266444659.44,0.83,65.15,1.4392559541654533e-09,15429.94
Lithuania,LTU,2017,2904452.0,47392407996.32,0.58,68.647,1.4484809466809624e-09,16317.16
Lithuania,LTU,2018,2876128.0,49271581516.16,0.45,70.799,1.4369134868703063e-09,17131.22
Lithuania,LTU,2019,2849083.0,51201782299.56,0.51,70.866,1.384053382856733e-09,17971.32
Lithuania,LTU,2020,2820269.0,50659476750.159996,1.19,70.294,1.387578485002374e-09,17962.64
Luxembourg,LUX,2000,435634.0,13521939957.12,0.12,37.204,2.751380357994429e-09,31039.68
Luxembourg,LUX,2001,441254.0,13823322909.44,0.36,39.867,2.8840388277969453e-09,31327.36
Luxembourg,LUX,2002,445920.0,14296284384.0,1.31,43.582,3.0484844054148607e-09,32060.2
Luxembourg,LUX,2003,451351.0,14472362193.54,1.31,45.704,3.158019360543699e-09,32064.54
Luxembourg,LUX,2004,457798.0,14936520410.24,1.57,51.78,3.466670856252524e-09,32626.88
Luxembourg,LUX,2005,464868.0,15351075637.920002,1.55,52.553,3.423408316104205e-09,33022.44
Luxembourg,LUX,2006,472402.0,16085769950.039999,1.63,51.627,3.2094826769465036e-09,34051.02
Luxembourg,LUX,2007,479877.0,17366460703.8,1.46,50.126,2.8863682044915346e-09,36189.4
Luxembourg,LUX,2008,488643.0,17081718126.779999,1.23,49.761,2.9131144555059014e-09,34957.46
Luxembourg,LUX,2009,497876.0,16277169600.720001,1.44,47.593,2.9239112921631524e-09,32693.22
Luxembourg,LUX,2010,507075.0,17003908239.0,1.49,50.116,2.9473224211510637e-09,33533.32
Luxembourg,LUX,2011,518207.0,17359530298.54,1.21,48.821,2.8123456775847223e-09,33499.22
Luxembourg,LUX,2012,530596.0,17657438986.0,1.23,47.953,2.7157392438405337e-09,33278.5
Luxembourg,LUX,2013,543068.0,18172825681.68,0.76,45.692,2.514303543122743e-09,33463.26
Luxembourg,LUX,2014,556075.0,18651867650.0,0.78,44.274,2.3737033111534006e-09,33542.0
Luxembourg,LUX,2015,569415.0,19152626562.300003,0.49,43.034,2.246898087842847e-09,33635.62
Luxembourg,LUX,2016,583355.0,20079032431.6,0.21,42.459,2.114593925012982e-09,34419.92
Luxembourg,LUX,2017,596290.0,20347167892.600002,0.22,44.355,2.1799102574924604e-09,34122.94
Luxembourg,LUX,2018,607920.0,20589107510.4,0.22,46.431,2.255124462123805e-09,33868.12
Luxembourg,LUX,2019,619981.0,21046023821.44,0.22,47.288,2.246885226454357e-09,33946.24
Luxembourg,LUX,2020,630401.0,20906101835.18,0.24,40.498,1.9371377944716355e-09,33163.18
Moldova,MDA,2000,4251571.0,7881562319.8,3.36,32.95,4.180643210448678e-09,1853.8
Moldova,MDA,2001,4200500.0,8206180810.0,3.6,32.234,3.928014839829005e-09,1953.62
Moldova,MDA,2002,4147644.0,8676373530.720001,3.7,35.498,4.09134068217718e-09,2091.88
Moldova,MDA,2003,4093984.0,9074315536.0,3.82,39.424,4.344570104885098e-09,2216.5
Moldova,MDA,2004,4046998.0,9567346091.88,3.72,36.806,3.847043855896255e-09,2364.06
Moldova,MDA,2005,4001380.0,10107005714.4,3.83,40.291,3.986442784196235e-09,2525.88
Moldova,MDA,2006,3942748.0,10372029453.68,3.9,42.639,4.110960173264035e-09,2630.66
Moldova,MDA,2007,3876847.0,10439030843.019999,3.78,37.104,3.5543529431000187e-09,2692.66
Moldova,MDA,2008,3812420.0,10995934260.8,3.85,38.324,3.485288206625907e-09,2884.24
Moldova,MDA,2009,3749496.0,10096117899.359999,3.98,34.537,3.4208197986861197e-09,2692.66
Moldova,MDA,2010,3678186.0,10524393601.800001,3.9,34.162,3.2459827418614622e-09,2861.3
Moldova,MDA,2011,3595135.0,10904188260.4,3.71,33.101,3.035622570843779e-09,3033.04
Moldova,MDA,2012,3507197.0,10685306955.96,3.78,45.268,4.236471650891661e-09,3046.68
Moldova,MDA,2013,3416532.0,11468204633.76,2.86,44.536,3.883432622827056e-09,3356.68
Moldova,MDA,2014,3338338.0,11888756352.640001,3.45,42.598,3.5830492893010414e-09,3561.28
Moldova,MDA,2015,3277390.0,11752982731.199999,3.94,38.075,3.239603160389608e-09,3586.08
Moldova,MDA,2016,3225125.0,12203421482.5,3.83,38.051,3.118059968228259e-09,3783.86
Moldova,MDA,2017,3180515.0,12671553421.8,3.19,38.689,3.053216816609073e-09,3984.12
Moldova,MDA,2018,3141839.0,13168075616.8,3.46,41.251,3.1326521202058897e-09,4191.2
Moldova,MDA,2019,3109496.0,13645587866.56,3.65,41.944,3.0738140716376426e-09,4388.36
Moldova,MDA,2020,3084848.0,12548606391.36,3.98,40.321,3.2131854918775616e-09,4067.82
Montenegro,MNE,2005,632885.0,3532283077.4,0.86,,,5581.24
Montenegro,MNE,2006,632551.0,4042608138.96,1.02,15.352,3.797548382700642e-09,6390.96
Montenegro,MNE,2007,631931.0,4712145164.94,0.74,13.809,2.9305124347067585e-09,7456.74
Montenegro,MNE,2008,631475.0,5305021475.0,1.1,15.605,2.941552654129454e-09,8401.0
Montenegro,MNE,2009,631187.0,5266990416.46,0.62,13.46,2.5555391097610176e-09,8344.58
Montenegro,MNE,2010,631048.0,5677034017.6,1.11,16.806,2.9603486517603847e-09,8996.2
Montenegro,MNE,2011,631801.0,6168361615.139999,1.22,13.863,2.2474363315493397e-09,9763.14
Montenegro,MNE,2012,633053.0,6052632394.06,1.16,13.469,2.225312743793652e-09,9561.02
Montenegro,MNE,2013,633951.0,6313949095.68,1.24,14.505,2.2972944159344444e-09,9959.68
Montenegro,MNE,2014,634301.0,6464123432.940001,1.2,12.962,2.005221610396237e-09,10190.94
Montenegro,MNE,2015,633969.0,6779905394.219999,1.28,13.335,1.9668416039209555e-09,10694.38
Montenegro,MNE,2016,633264.0,6979671159.36,1.11,13.316,1.9078262708899613e-09,11021.74
Montenegro,MNE,2017,632445.0,7309040376.0,1.14,12.434,1.7011809157366734e-09,11556.8
Montenegro,MNE,2018,631459.0,7680145345.86,1.32,13.799,1.7967107884798539e-09,12162.539999999999
Montenegro,MNE,2019,630403.0,7992488787.139999,1.27,12.898,1.6137651667091507e-09,12678.38
Montenegro,MNE,2020,629058.0,6769117001.759999,1.36,11.287,1.6674257509606249e-09,10760.72
Netherlands,NLD,2000,15899138.0,373597944724.0,50.35,1006.819,2.6949264957648514e-09,23498.0
Netherlands,NLD,2001,15981630.0,382829079141.6,52.66,1045.557,2.7311326567574343e-09,23954.32
Netherlands,NLD,2002,16057042.0,384804763544.12,53.74,1046.061,2.7184200901402385e-09,23964.86
Netherlands,NLD,2003,16127574.0,388004916527.52,54.31,1053.076,2.71407901071096e-09,24058.48
Netherlands,NLD,2004,16196036.0,398468482342.24,55.56,1088.744,2.732321496546596e-09,24602.84
Netherlands,NLD,2005,16261834.0,410139390077.32,53.75,1112.242,2.711863397929954e-09,25220.98
Netherlands,NLD,2006,16325679.0,428025672481.25995,53.13,1089.576,2.545585627338053e-09,26217.94
Netherlands,NLD,2007,16391232.0,447244272034.56,56.43,1107.524,2.4763290873726785e-09,27285.579999999998
Netherlands,NLD,2008,16460775.0,457632919300.5,56.38,1094.389,2.391412317262475e-09,27801.42
Netherlands,NLD,2009,16536200.0,442690279476.0,58.9,1079.291,2.438027329801608e-09,26770.98
Netherlands,NLD,2010,16617121.0,451378169256.24,61.36,1170.651,2.593503806196353e-09,27163.44
Netherlands,NLD,2011,16701470.0,461735854237.39996,57.85,1115.092,2.4149998094509665e-09,27646.42
Netherlands,NLD,2012,16785296.0,457569854607.36,53.47,1095.699,2.3946048651745596e-09,27260.16
Netherlands,NLD,2013,16867352.0,457872029021.92,53.21,1062.885,2.3213582237606305e-09,27145.46
Netherlands,NLD,2014,16954080.0,465093138681.60004,55.25,1016.331,2.1852203687222618e-09,27432.52
Netherlands,NLD,2015,17041110.0,474527771526.60004,60.16,1034.106,2.1792317795714772e-09,27846.06
Netherlands,NLD,2016,17124512.0,484717531925.76,61.3,1043.622,2.1530518936538955e-09,28305.48
Netherlands,NLD,2017,17207204.0,498281395414.88,59.32,1051.377,2.1100065338072686e-09,28957.72
Netherlands,NLD,2018,17286042.0,509384739935.16,56.49,1025.894,2.013986520543562e-09,29467.98
Netherlands,NLD,2019,17363260.0,518270044231.6,54.93,1021.601,1.9711750879112664e-09,29848.66
Netherlands,NLD,2020,17434562.0,497385040238.16003,48.51,988.636,1.987667340229246e-09,28528.68
North Macedonia,MKD,2000,2037940.0,10214318315.2,4.6,30.848,3.020074276919182e-09,5012.08
North Macedonia,MKD,2001,2053391.0,9974757460.699999,4.71,29.025,2.9098451881518842e-09,4857.7
North Macedonia,MKD,2002,2064739.0,10195020465.52,4.37,28.361,2.7818482656232155e-09,4937.68
North Macedonia,MKD,2003,2071150.0,10478362080.0,4.42,31.976,3.0516219763995785e-09,5059.2
North Macedonia,MKD,2004,2075879.0,11018392073.779999,4.28,31.577,2.8658446521559577e-09,5307.82
North Macedonia,MKD,2005,2078667.0,11579630256.9,4.51,32.658,2.8202973044445827e-09,5570.7
North Macedonia,MKD,2006,2081081.0,12213697902.52,4.41,33.201,2.718341346329663e-09,5868.92
North Macedonia,MKD,2007,2083494.0,13045547661.72,4.47,32.975,2.5276823062599114e-09,6261.38
North Macedonia,MKD,2008,2086228.0,13806406556.64,4.49,31.932,2.312839323469201e-09,6617.88
North Macedonia,MKD,2009,2089793.0,13809268552.28,4.56,31.45,2.2774558899288982e-09,6607.96
North Macedonia,MKD,2010,2093828.0,14329237547.68,4.0,34.147,2.3830297939005572e-09,6843.56
North Macedonia,MKD,2011,2097110.0,14719657032.199999,4.36,34.064,2.3141843539889053e-09,7019.0199999999995
North Macedonia,MKD,2012,2099486.0,14651724937.92,4.19,31.627,2.1585854316815926e-09,6978.72
North Macedonia,MKD,2013,2102220.0,15077458195.199999,3.6,30.224,2.0045819135231956e-09,7172.16
North Macedonia,MKD,2014,2105293.0,15621610906.88,3.31,27.964,1.7900842727867598e-09,7420.16
North Macedonia,MKD,2015,2107965.0,16223025117.9,2.94,29.483,1.8173552580812652e-09,7696.0599999999995
North Macedonia,MKD,2016,2110194.0,16685008530.84,2.78,30.59,1.8333823410074072e-09,7906.86
North Macedonia,MKD,2017,2111982.0,16862824601.519999,3.29,29.432,1.7453778175067437e-09,7984.36
North Macedonia,MKD,2018,2113497.0,17346653437.32,2.8,29.401,1.6949090558727596e-09,8207.56
North Macedonia,MKD,2019,2114175.0,18024652663.5,3.43,31.056,1.7229735618089628e-09,8525.62
North Macedonia,MKD,2020,2111078.0,17180206093.36,2.82,27.07,1.575650481309553e-09,8138.12
Norway,NOR,2000,4491204.0,150476891779.2,3.64,580.512,3.857814931822259e-09,33504.8
Norway,NOR,2001,4514019.0,158344383528.84,3.2,524.996,3.3155328171420746e-09,35078.36
Norway,NOR,2002,4538435.0,165565739548.0,3.42,546.265,3.299384289837509e-09,36480.8
Norway,NOR,2003,4565167.0,172235716216.08,2.94,482.027,2.798647171387312e-09,37728.24
Norway,NOR,2004,4592284.0,184567935169.91998,3.03,490.929,2.6598823871981492e-09,40190.88
Norway,NOR,2005,4623691.0,195247281597.78,3.68,560.754,2.8720194996373045e-09,42227.58
Norway,NOR,2006,4661081.0,206079535258.42,3.35,513.554,2.49201843043761e-09,44212.82
Norway,NOR,2007,4709582.0,218645170099.19998,3.85,551.271,2.5213042654904592e-09,46425.6
Norway,NOR,2008,4768654.0,226242303660.56,3.82,564.522,2.4952097413531204e-09,47443.64
Norway,NOR,2009,4829195.0,229425975563.40002,5.27,521.254,2.2719920825005086e-09,47508.12
Norway,NOR,2010,4889747.0,237911227054.64,5.47,500.38,2.1032214670772134e-09,48655.12
Norway,NOR,2011,4953565.0,247610188016.90002,5.22,507.487,2.049540061596184e-09,49986.26
Norway,NOR,2012,5019058.0,254313159331.0,5.1,562.048,2.210062591643043e-09,50669.5
Norway,NOR,2013,5080667.0,256927704376.56,4.75,526.926,2.050872642475813e-09,50569.68
Norway,NOR,2014,5137926.0,262202852731.32,4.97,542.738,2.0699164572253725e-09,51032.82
Norway,NOR,2015,5190357.0,267044282878.56,5.03,548.0,2.052094109984022e-09,51450.08
Norway,NOR,2016,5236591.0,270166517067.46,5.11,556.1,2.058360177405489e-09,51592.06
Norway,NOR,2017,5277396.0,276813246977.52,5.13,558.883,2.018989358718757e-09,52452.62
Norway,NOR,2018,5312321.0,279102970554.8,5.05,550.134,1.9710789853165857e-09,52538.8
Norway,NOR,2019,5348285.0,282235952220.5,4.63,515.535,1.8266099550536088e-09,52771.3
Norway,NOR,2020,5379836.0,278657536147.76,4.79,558.905,2.0057056691394733e-09,51796.659999999996
Poland,POL,2000,38504432.0,303947825498.88,114.81,1017.525,3.347696264416109e-09,7893.84
Poland,POL,2001,38662860.0,312054129117.6,114.74,1010.456,3.2380792488062285e-09,8071.16
Poland,POL,2002,38647476.0,321466613569.92,113.45,999.579,3.1094333215495438e-09,8317.92
Poland,POL,2003,38621536.0,336096965163.51996,119.96,1034.207,3.077109010778575e-09,8702.32
Poland,POL,2004,38596040.0,356693794788.8,120.88,1041.219,2.9190835815254667e-09,9241.72
Poland,POL,2005,38575912.0,372651796620.63995,122.18,1064.345,2.856138115130315e-09,9660.22
Poland,POL,2006,38547180.0,399380393487.6,126.5,1116.981,2.796784765135648e-09,10360.82
Poland,POL,2007,38521868.0,431504245276.72,124.16,1113.815,2.5812376406302098e-09,11201.539999999999
Poland,POL,2008,38522884.0,454086183776.96,120.19,1133.312,2.4958081538033865e-09,11787.44
Poland,POL,2009,38555288.0,471344564646.08,115.95,1093.617,2.3202070884622752e-09,12225.16
Poland,POL,2010,38597356.0,493180804078.48,119.2,1166.175,2.3645993322449475e-09,12777.58
Poland,POL,2011,38620848.0,522885343821.12,122.31,1172.93,2.2431877539892598e-09,13538.94
Poland,POL,2012,38625872.0,530928060988.8,118.58,1139.241,2.145753980074586e-09,13745.4
Poland,POL,2013,38607352.0,535652300294.72003,120.32,1141.949,2.131884805445045e-09,13874.36
Poland,POL,2014,38581880.0,556109958668.8,113.83,1100.944,1.979723583147851e-09,14413.76
Poland,POL,2015,38553148.0,580483183491.6,115.86,1112.315,1.916188154339696e-09,15056.7
Poland,POL,2016,38532108.0,597749362046.16,116.32,1160.688,1.941763678386608e-09,15513.02
Poland,POL,2017,38532816.0,628555001155.2001,117.41,1205.901,1.918529003482138e-09,16312.2
Poland,POL,2018,38521464.0,665890501426.0801,118.24,1219.635,1.8315849188237603e-09,17286.22
Poland,POL,2019,38493600.0,695503904544.0,109.39,1184.748,1.7034383161037291e-09,18068.04
Poland,POL,2020,38428368.0,680863832848.3201,101.72,1134.18,1.6657956338424981e-09,17717.74
Portugal,PRT,2000,10300632.0,149262750084.47998,22.18,293.322,1.9651386553844487e-09,14490.64
Portugal,PRT,2001,10371815.0,152731406400.30002,22.07,297.665,1.9489442742368103e-09,14725.62
Portugal,PRT,2002,10430913.0,154539400169.76,25.6,295.414,1.9115772396909176e-09,14815.52
Portugal,PRT,2003,10473345.0,153752475004.2,21.0,303.365,1.9730739293251253e-09,14680.36
Portugal,PRT,2004,10501523.0,157193727269.18,22.69,297.524,1.892721835461775e-09,14968.66
Portugal,PRT,2005,10523314.0,159053156189.04,26.04,296.958,1.8670361979303038e-09,15114.36
Portugal,PRT,2006,10543946.0,162182548914.68,22.89,294.788,1.817630823863055e-09,15381.58
Portugal,PRT,2007,10565547.0,166890633369.78,20.93,297.068,1.7800160140910106e-09,15795.74
Portugal,PRT,2008,10580963.0,167882002962.46,20.4,286.748,1.708032993054768e-09,15866.42
Portugal,PRT,2009,10591341.0,163522255620.84,21.08,289.227,1.768731717293775e-09,15439.24
Portugal,PRT,2010,10588401.0,167159721891.06,16.57,305.088,1.8251286646601957e-09,15787.06
Portugal,PRT,2011,10564820.0,164625885057.19998,18.56,291.036,1.7678629329699779e-09,15582.46
Portugal,PRT,2012,10522085.0,157945123959.69998,18.62,265.779,1.6827300098723785e-09,15010.82
Portugal,PRT,2013,10464537.0,156490872112.8,15.83,291.794,1.8646071560625744e-09,14954.4
Portugal,PRT,2014,10408379.0,157728991701.16,15.52,297.681,1.887294128932232e-09,15154.039999999999
Portugal,PRT,2015,10365436.0,160561432874.88,19.48,291.228,1.8138104200087948e-09,15490.08
Portugal,PRT,2016,10332751.0,163802828397.78,18.93,311.496,1.9016521451238975e-09,15852.78
Portugal,PRT,2017,10307528.0,169544405060.8,23.45,301.878,1.7805246943521616e-09,16448.6
Portugal,PRT,2018,10289833.0,174357104251.8,19.7,307.598,1.7641839219569655e-09,16944.6
Portugal,PRT,2019,10289921.0,178990294617.12003,15.26,292.939,1.636619463790642e-09,17394.72
Portugal,PRT,2020,10298186.0,164091295724.0,12.98,265.509,1.6180565753261137e-09,15934.0
Romania,ROU,2000,21919882.0,96355417295.6,22.72,420.332,4.362307919963667e-09,4395.8
Romania,ROU,2001,21797588.0,106224005841.59999,24.32,425.105,4.001967320211136e-09,4873.2
Romania,ROU,2002,21653530.0,116450085916.40001,24.02,441.307,3.789666589999908e-09,5377.88
Romania,ROU,2003,21481322.0,124780273607.15999,26.81,441.245,3.5361759294514084e-09,5808.78
Romania,ROU,2004,21289292.0,139002471112.24,24.95,457.324,3.2900422297581007e-09,6529.22
Romania,ROU,2005,21092264.0,147955482435.52002,24.72,458.296,3.0975263130227596e-09,7014.68
Romania,ROU,2006,20909406.0,166235214145.56,28.14,467.623,2.813020107704357e-09,7950.26
Romania,ROU,2007,20744226.0,185448816710.28,27.63,451.192,2.4329731944576437e-09,8939.78
Romania,ROU,2008,20597516.0,208758708312.24,27.1,452.447,2.1673203654971647e-09,10135.14
Romania,ROU,2009,20466318.0,201325532860.56,22.82,395.305,1.9635115048908977e-09,9836.92
Romania,ROU,2010,20335212.0,206478455492.88,21.7,398.933,1.932080511972623e-09,10153.74
Romania,ROU,2011,20220286.0,215303178893.68,25.53,408.675,1.8981373247712703e-09,10647.88
Romania,ROU,2012,20137112.0,219498950964.63998,24.09,392.96,1.7902591254903244e-09,10900.22
Romania,ROU,2013,20066550.0,220098348351.0,19.47,366.62,1.665709909895988e-09,10968.42
Romania,ROU,2014,19995836.0,229191072481.84,19.76,380.507,1.660217371818222e-09,11461.94
Romania,ROU,2015,19906078.0,236492965314.32,20.71,382.464,1.6172320368670232e-09,11880.44
Romania,ROU,2016,19797820.0,243357179178.40002,19.16,382.57,1.5720514237204647e-09,12292.12
Romania,ROU,2017,19698852.0,280954482672.95996,20.26,388.997,1.38455523577748e-09,14262.48
Romania,ROU,2018,19606778.0,291748856640.0,19.28,396.421,1.3587748194302572e-09,14880.0
Romania,ROU,2019,19524212.0,281659406185.92,16.84,387.342,1.3752141469201288e-09,14426.16
Romania,ROU,2020,19442040.0,298940807040.0,13.62,369.376,1.2356158520391475e-09,15376.0
Russia,RUS,2000,146844848.0,960785282185.2799,334.65,7214.09,7.50853508454225e-09,6542.86
Russia,RUS,2001,146235520.0,1032776661158.4,330.73,7328.268,7.095694815353735e-09,7062.42
Russia,RUS,2002,145590144.0,1106569536683.52,333.68,7298.46,6.59557285651843e-09,7600.58
Russia,RUS,2003,144946720.0,1215091252694.4001,344.32,7448.467,6.129965122770344e-09,8383.02
Russia,RUS,2004,144353648.0,1331838514250.5598,341.05,7514.088,5.641891204977099e-09,9226.22
Russia,RUS,2005,143800048.0,1448161391391.68,351.04,7503.902,5.181675222530803e-09,10070.66
Russia,RUS,2006,143338672.0,1600370539333.1199,372.01,7836.936,4.8969509294176826e-09,11164.96
Russia,RUS,2007,143117680.0,1776256425308.8,373.5,7878.334,4.435358480761223e-09,12411.16
Russia,RUS,2008,143086544.0,1912932591928.64,397.24,7914.625,4.137430160056182e-09,13369.06
Russia,RUS,2009,143163648.0,1805053086351.3599,360.48,7522.19,4.167295719376853e-09,12608.32
Russia,RUS,2010,143242592.0,1930471817828.48,381.26,7814.577,4.048014028399722e-09,13476.94
Russia,RUS,2011,143364544.0,2055933579686.4001,391.19,8080.629,3.930393997082615e-09,14340.6
Russia,RUS,2012,143629360.0,2138985880864.0,398.25,8128.429,3.8001321433298505e-09,14892.4
Russia,RUS,2013,143956864.0,2176886906035.2,382.42,8032.607,3.68995145210824e-09,15121.8
Russia,RUS,2014,144285072.0,2159038531886.4001,382.64,8057.55,3.732008429214989e-09,14963.7
Russia,RUS,2015,144668384.0,2117505349872.64,380.56,7930.555,3.745234929619891e-09,14636.96
Russia,RUS,2016,145109152.0,2124136788806.4001,387.65,8092.628,3.809843152590671e-09,14638.2
Russia,RUS,2017,145452544.0,2165596382801.92,386.24,8141.66,3.7595463608348166e-09,14888.68
Russia,RUS,2018,145652288.0,2229616094246.4,393.57,8441.753,3.786191273818049e-09,15307.8
Russia,RUS,2019,145742288.0,2281053357328.64,396.19,8378.17,3.672939071364706e-09,15651.28
Russia,RUS,2020,145617328.0,2223212555240.0,364.38,8075.289,3.632261333252617e-09,15267.5
Serbia,SRB,2000,7935023.0,29813468415.6,18.22,,,3757.2
Serbia,SRB,2001,7917792.0,32119790094.719997,18.64,,,4056.66
Serbia,SRB,2002,7904272.0,35069041667.840004,19.17,,,4436.72
Serbia,SRB,2003,7887466.0,37351568490.96001,20.92,,,4735.56
Serbia,SRB,2004,7863399.0,41498616418.56,21.8,,,5277.44
Serbia,SRB,2005,7830944.0,44657994205.44,20.13,,,5702.76
Serbia,SRB,2006,7794792.0,47854098838.08,21.1,205.23,4.288660845843528e-09,6139.24
Serbia,SRB,2007,7758181.0,51799667737.18,21.77,204.417,3.9462994441811175e-09,6676.78
Serbia,SRB,2008,7722801.0,55781791623.0,22.43,203.662,3.6510480225598543e-09,7223.0
Serbia,SRB,2009,7688037.0,55182730696.38,22.46,194.435,3.5234755066725067e-09,7177.74
Serbia,SRB,2010,7653749.0,56773060882.32,21.1,200.621,3.533735840240322e-09,7417.68
Serbia,SRB,2011,7620925.0,58887344730.49999,24.1,202.774,3.4434223673694636e-09,7727.0599999999995
Serbia,SRB,2012,7591357.0,58541204986.92,22.1,190.979,3.2623004607211437e-09,7711.5599999999995
Serbia,SRB,2013,7566674.0,60330605136.799995,23.93,190.347,3.1550653199712995e-09,7973.2
Serbia,SRB,2014,7543965.0,59485371059.4,18.56,169.549,2.8502638040316556e-09,7885.16
Serbia,SRB,2015,7519501.0,60672447328.68,22.69,187.723,3.0940403472279737e-09,8068.68
Serbia,SRB,2016,7493288.0,62807091492.64001,22.89,192.316,3.0620109199378604e-09,8381.78
Serbia,SRB,2017,7464882.0,64225903858.68,22.31,196.767,3.0636703912016233e-09,8603.74
Serbia,SRB,2018,7433825.0,67198804470.0,21.2,196.858,2.9294866412078002e-09,9039.6
Serbia,SRB,2019,7401056.0,70174296632.95999,21.65,196.889,2.805713907327198e-09,9481.66
Serbia,SRB,2020,7358010.0,69597356347.2,22.26,192.868,2.7711972138401396e-09,9458.72
Slovakia,SVK,2000,5376700.0,46353068370.0,7.06,218.247,4.708361445630876e-09,8621.1
Slovakia,SVK,2001,5376457.0,47874338769.08,7.24,224.558,4.690571311765719e-09,8904.44
Slovakia,SVK,2002,5375206.0,49939426384.200005,6.63,226.427,4.534032855284011e-09,9290.7
Slovakia,SVK,2003,5374381.0,52557469138.06,7.19,219.883,4.183667965868044e-09,9779.26
Slovakia,SVK,2004,5374932.0,55222158866.64,6.98,215.043,3.894143300687012e-09,10274.02
Slovakia,SVK,2005,5376251.0,58832314693.0,6.79,226.267,3.8459646060283554e-09,10943.0
Slovakia,SVK,2006,5377239.0,63673930349.81999,6.53,220.178,3.4578986846007134e-09,11841.38
Slovakia,SVK,2007,5378381.0,70393326204.2,5.93,206.629,2.935349288661281e-09,13088.2
Slovakia,SVK,2008,5381641.0,74179678481.44,5.87,212.209,2.860743054488911e-09,13783.84
Slovakia,SVK,2009,5388934.0,70006887143.24,5.27,192.318,2.7471297160592377e-09,12990.86
Slovakia,SVK,2010,5396428.0,73409876583.76,5.24,205.5,2.7993508443720973e-09,13603.42
Slovakia,SVK,2011,5402686.0,75310525389.56,5.7,197.691,2.6250115634886426e-09,13939.46
Slovakia,SVK,2012,5409283.0,76281167937.7,5.44,189.893,2.4893824404352137e-09,14101.9
Slovakia,SVK,2013,5414744.0,76747606802.08,4.87,194.587,2.535414563503058e-09,14173.82
Slovakia,SVK,2014,5419572.0,78805237711.92,4.36,181.12,2.2983243913570985e-09,14540.86
Slovakia,SVK,2015,5424449.0,82895127750.24,4.41,182.99,2.207488002809311e-09,15281.76
Slovakia,SVK,2016,5431205.0,84480004044.8,4.42,184.744,2.1868370165090156e-09,15554.56
Slovakia,SVK,2017,5439418.0,86971833497.24,4.67,194.595,2.2374485183892936e-09,15989.18
Slovakia,SVK,2018,5446746.0,90472738693.31999,4.79,191.296,2.114404877788056e-09,16610.42
Slovakia,SVK,2019,5453932.0,92749458513.36,4.72,184.849,1.9929927674281097e-09,17005.98
Slovakia,SVK,2020,5456681.0,89545008278.96,4.54,181.125,2.0227258166724423e-09,16410.16
Slovenia,SVN,2000,1984339.0,26452469160.18,4.13,78.626,2.9723501244397626e-09,13330.62
Slovenia,SVN,2001,1982489.0,27049753962.260002,4.44,82.193,3.038585863467602e-09,13644.34
Slovenia,SVN,2002,1983769.0,27950313325.5,4.71,81.775,2.925727488192197e-09,14089.5
Slovenia,SVN,2003,1989413.0,28686022447.420002,4.57,80.213,2.7962398811834677e-09,14419.34
Slovenia,SVN,2004,1996731.0,29898291236.22,4.68,85.18,2.8489922493232492e-09,14973.62
Slovenia,SVN,2005,2004780.0,31033072201.199997,4.71,85.187,2.7450392100304513e-09,15479.539999999999
Slovenia,SVN,2006,2013577.0,32687321686.42,4.86,85.954,2.629582222262943e-09,16233.46
Slovenia,SVN,2007,2023230.0,34913787565.799995,4.91,85.467,2.4479440919701217e-09,17256.46
Slovenia,SVN,2008,2034037.0,35908645113.560005,4.87,93.642,2.607784273226127e-09,17653.88
Slovenia,SVN,2009,2045578.0,32855501074.16,4.74,86.507,2.6329533007194196e-09,16061.72
Slovenia,SVN,2010,2057294.0,33164854802.28,4.85,86.66,2.6130070677723077e-09,16120.619999999999
Slovenia,SVN,2011,2065457.0,33300289173.36,4.82,84.135,2.526554636267466e-09,16122.48
Slovenia,SVN,2012,2069365.0,32420286194.7,4.71,81.758,2.5218161094878186e-09,15666.78
Slovenia,SVN,2013,2072374.0,32089675203.0,4.49,80.883,2.5205303415610268e-09,15484.5
Slovenia,SVN,2014,2074923.0,32983349494.14,3.6,82.972,2.5155722894286782e-09,15896.18
Slovenia,SVN,2015,2080865.0,33783509151.8,4.03,74.827,2.2148972051357545e-09,16235.32
Slovenia,SVN,2016,2090020.0,34993413862.0,4.58,79.978,2.2855157920687926e-09,16743.1
Slovenia,SVN,2017,2098396.0,36804145155.28,4.44,80.839,2.196464546559443e-09,17539.18
Slovenia,SVN,2018,2105931.0,38466556578.42,4.29,82.48,2.1442002439665175e-09,18265.82
Slovenia,SVN,2019,2112905.0,39600023251.9,4.19,80.092,2.0225240649614314e-09,18741.98
Slovenia,SVN,2020,2117648.0,37724755590.08,4.15,77.385,2.0513055363663896e-09,17814.46
Spain,ESP,2000,40741652.0,681888955358.8,94.03,1527.637,2.2403017206755894e-09,16736.9
Spain,ESP,2001,40966448.0,715089013735.04,89.75,1597.853,2.2344812594087037e-09,17455.48
Spain,ESP,2002,41477652.0,739416295332.72,105.52,1615.075,2.1842567038277864e-09,17826.86
Spain,ESP,2003,42230268.0,769040207651.52,101.04,1706.87,2.2194808321042226e-09,18210.64
Spain,ESP,2004,42959672.0,801393778904.3201,112.24,1769.33,2.207815990809237e-09,18654.56
Spain,ESP,2005,43685372.0,836545167747.04,124.12,1781.447,2.129528767463618e-09,19149.32
Spain,ESP,2006,44422824.0,878787408128.16,119.33,1807.2,2.056470066917985e-09,19782.34
Spain,ESP,2007,45245784.0,918294858328.8,122.83,1846.826,2.011147055054875e-09,20295.7
Spain,ESP,2008,45966544.0,936029606104.32,115.66,1795.815,1.9185450847799973e-09,20363.28
Spain,ESP,2009,46367772.0,910449750328.8,99.74,1664.806,1.8285534148356585e-09,19635.4
Spain,ESP,2010,46572776.0,917824599920.32,83.52,1709.882,1.862972511467269e-09,19707.32
Spain,ESP,2011,46729232.0,915519113344.0,93.0,1677.629,1.8324347089514474e-09,19592.0
Spain,ESP,2012,46756084.0,888360920391.6001,96.44,1668.326,1.8779822048729723e-09,18999.9
Spain,ESP,2013,46603460.0,876272741480.4,76.16,1584.891,1.8086731732889925e-09,18802.74
Spain,ESP,2014,46464548.0,888496945437.92,74.58,1555.551,1.7507668518019542e-09,19122.04
Spain,ESP,2015,46431344.0,922838748656.96,85.27,1574.962,1.7066491868618414e-09,19875.34
Spain,ESP,2016,46473320.0,950930567575.2001,72.9,1589.974,1.6720190245375238e-09,20461.86
Spain,ESP,2017,46584168.0,979799215443.8401,84.59,1608.111,1.641265857996774e-09,21032.88
Spain,ESP,2018,46792044.0,1002448418793.12,74.88,1637.08,1.633081532485166e-09,21423.48
Spain,ESP,2019,47131372.0,1021494250022.48,65.96,1591.384,1.5578981477036982e-09,21673.34
Spain,ESP,2020,47363808.0,905487072201.6,51.82,1439.447,1.5896935960666237e-09,19117.7
Sweden,SWE,2000,8871042.0,188118074706.12,6.97,639.47,3.399301215467927e-09,21205.86
Sweden,SWE,2001,8896748.0,191222609007.92,8.11,685.889,3.586861425845267e-09,21493.54
Sweden,SWE,2002,8926011.0,196848890987.40002,8.75,642.011,3.261440777134447e-09,22053.4
Sweden,SWE,2003,8961506.0,202443288221.91998,9.8,615.181,3.038781899875256e-09,22590.32
Sweden,SWE,2004,9004263.0,212229758568.96,8.21,662.642,3.1222859813256924e-09,23569.92
Sweden,SWE,2005,9051739.0,220324577268.62,7.63,679.983,3.0862784734676414e-09,24340.579999999998
Sweden,SWE,2006,9104724.0,231396924648.96002,7.85,639.75,2.7647299157952543e-09,25415.04
Sweden,SWE,2007,9164274.0,240910434912.0,7.67,649.478,2.695931374816711e-09,26288.0
Sweden,SWE,2008,9229282.0,241417712699.6,7.98,640.233,2.651971940421175e-09,26157.8
Sweden,SWE,2009,9301413.0,231344000022.96,7.84,586.75,2.536266339052525e-09,24871.92
Sweden,SWE,2010,9381722.0,247993624831.4,10.61,623.752,2.5151936886444627e-09,26433.7
Sweden,SWE,2011,9467384.0,246994391828.32,8.79,614.717,2.488789301852956e-09,26088.98
Sweden,SWE,2012,9555984.0,246011736651.84,8.26,652.446,2.652092980926974e-09,25744.26
Sweden,SWE,2013,9648935.0,249236236581.4,7.63,611.276,2.452596814911216e-09,25830.44
Sweden,SWE,2014,9747507.0,255922160935.97998,6.9,608.458,2.3775119660395815e-09,26255.14
Sweden,SWE,2015,9849344.0,267358866984.96,7.31,629.151,2.353207907764631e-09,27144.84
Sweden,SWE,2016,9953322.0,272335032972.84,7.51,617.913,2.26894422379226e-09,27361.22
Sweden,SWE,2017,10058191.0,278490790080.36,7.72,637.866,2.2904384012697166e-09,27687.96
Sweden,SWE,2018,10162300.0,283547071878.0,7.78,624.849,2.20368701345239e-09,27901.86
Sweden,SWE,2019,10267922.0,289237916251.76,7.92,649.79,2.24655884823346e-09,28169.079999999998
Sweden,SWE,2020,10368968.0,283688328340.48,6.94,615.87,2.170938803167252e-09,27359.36
Switzerland,CHE,2000,7182052.0,192591177252.24,2.98,364.336,1.8917585176958695e-09,26815.62
Switzerland,CHE,2001,7224413.0,198869161927.94,3.16,389.127,1.956698546057129e-09,27527.38
Switzerland,CHE,2002,7276479.0,202716010579.31998,3.07,362.244,1.786953082614355e-09,27859.079999999998
Switzerland,CHE,2003,7330729.0,206536252075.16,3.11,358.359,1.7350900696580406e-09,28174.04
Switzerland,CHE,2004,7381153.0,216294945543.04,3.12,353.16,1.6327704704950008e-09,29303.68
Switzerland,CHE,2005,7428437.0,226937858937.56,3.08,338.784,1.4928491948679815e-09,30549.88
Switzerland,CHE,2006,7475014.0,240359523670.84,3.21,352.537,1.4667070171214904e-09,32155.06
Switzerland,CHE,2007,7541909.0,254887864945.8,3.24,348.594,1.367636705945675e-09,33796.2
Switzerland,CHE,2008,7638288.0,265461824980.8,3.28,360.189,1.3568391614351758e-09,34754.1
Switzerland,CHE,2009,7734402.0,264567904829.28,3.24,359.157,1.3575229400246274e-09,34206.64
Switzerland,CHE,2010,7822444.0,277507302406.32,3.45,349.78,1.2604353001416154e-09,35475.78
Switzerland,CHE,2011,7910988.0,287843829896.16,3.41,332.034,1.15352133870572e-09,36385.32
Switzerland,CHE,2012,7995738.0,291249714007.56,3.65,350.93,1.2049110544049868e-09,36425.62
Switzerland,CHE,2013,8088370.0,296474349328.0,3.65,360.046,1.214425466540677e-09,36654.4
Switzerland,CHE,2014,8187792.0,303448741847.04004,3.59,343.728,1.1327382605305498e-09,37061.12
Switzerland,CHE,2015,8281735.0,308445103974.69995,3.53,336.097,1.0896493271216526e-09,37244.02
Switzerland,CHE,2016,8372902.0,314835851507.52,3.68,316.121,1.0040819636211262e-09,37601.76
Switzerland,CHE,2017,8451688.0,319134555643.68,3.68,316.847,9.928320026671316e-10,37759.86
Switzerland,CHE,2018,8514431.0,328271332875.69995,3.66,321.795,9.802714028697956e-10,38554.7
Switzerland,CHE,2019,8575593.0,332033068499.33997,3.78,335.79,1.0113149317254451e-09,38718.38
Switzerland,CHE,2020,8638609.0,324146698279.18,3.88,308.972,9.531857077066064e-10,37523.02
Turkey,TUR,2000,64113548.0,473188758743.04,60.7,864.679,1.827344762578256e-09,7380.48
Turkey,TUR,2001,65072016.0,441814261273.92,63.21,785.631,1.7781929395731238e-09,6789.62
Turkey,TUR,2002,65988664.0,480891069126.72,59.7,859.633,1.787583623794597e-09,7287.48
Turkey,TUR,2003,66867324.0,513246832094.4,64.06,910.288,1.7735871769249874e-09,7675.6
Turkey,TUR,2004,67785080.0,564167086630.3999,64.48,974.779,1.7278196887061621e-09,8322.88
Turkey,TUR,2005,68704712.0,617144197822.72,75.86,996.752,1.6151038987590477e-09,8982.56
Turkey,TUR,2006,69601328.0,665632300328.0,81.75,1105.833,1.6613271312931851e-09,9563.5
Turkey,TUR,2007,70468864.0,703026984186.88,95.67,1174.356,1.670428058118222e-09,9976.42
Turkey,TUR,2008,71320728.0,715593671558.8799,101.61,1178.344,1.646666323128662e-09,10033.46
Turkey,TUR,2009,72225648.0,680117147930.88,96.9,1194.268,1.7559739577708353e-09,9416.56
Turkey,TUR,2010,73195352.0,750059122270.7201,95.91,1259.821,1.6796289286983574e-09,10247.36
Turkey,TUR,2011,74173856.0,824055221911.68,107.14,1345.969,1.6333480623756757e-09,11109.78
Turkey,TUR,2012,75277440.0,865252445299.2001,109.56,1429.392,1.6519941755330415e-09,11494.18
Turkey,TUR,2013,76576120.0,942707172006.3999,106.57,1419.132,1.505379445644406e-09,12310.72
Turkey,TUR,2014,78112064.0,995564813781.76,124.3,1462.148,1.468661788523716e-09,12745.34
Turkey,TUR,2015,79646176.0,1062621758033.28,114.59,1606.742,1.5120544896180065e-09,13341.78
Turkey,TUR,2016,81019400.0,1101939998236.0,122.9,1687.18,1.5310996993492023e-09,13600.94
Turkey,TUR,2017,82089824.0,1184800787995.52,137.12,1787.401,1.5086088886081655e-09,14432.98
Turkey,TUR,2018,82809304.0,1214232824552.0,141.14,1767.596,1.4557307002898454e-09,14663.0
Turkey,TUR,2019,83481688.0,1216224676866.8801,124.64,1834.348,1.5082311968257945e-09,14568.76
Turkey,TUR,2020,84135432.0,1237433645100.48,125.62,1803.449,1.4574106717888371e-09,14707.64
Ukraine,UKR,2000,48879752.0,156557935275.84,58.8,1585.457,1.0126966718145444e-08,3202.92
Ukraine,UKR,2001,48414536.0,173918569382.08002,60.28,1562.9,8.986389466937715e-09,3592.28
Ukraine,UKR,2002,47976540.0,186295783412.4,61.34,1553.238,8.337483390923679e-09,3883.06
Ukraine,UKR,2003,47605644.0,207493959938.40002,63.1,1591.928,7.672165495673249e-09,4358.6
Ukraine,UKR,2004,47261960.0,235855139944.80002,56.97,1585.872,6.723923847371571e-09,4990.38
Ukraine,UKR,2005,46912616.0,247142228854.24002,59.07,1605.493,6.4962309656391845e-09,5268.14
Ukraine,UKR,2006,46592552.0,270270348237.44,66.74,1624.431,6.010392966130685e-09,5800.72
Ukraine,UKR,2007,46313064.0,297363216286.08,70.05,1617.882,5.440760361037753e-09,6420.72
Ukraine,UKR,2008,46062936.0,309122835943.68,69.21,1562.053,5.0531789255601785e-09,6710.88
Ukraine,UKR,2009,45863884.0,266754439398.48,61.43,1330.558,4.98795072726944e-09,5816.22
Ukraine,UKR,2010,45683024.0,271933682322.88,66.61,1426.915,5.247290397464463e-09,5952.62
Ukraine,UKR,2011,45516136.0,291597304638.56,71.84,1474.744,5.057467872784254e-09,6406.46
Ukraine,UKR,2012,45406228.0,292272624639.52,75.51,1442.989,4.9371336155062006e-09,6436.84
Ukraine,UKR,2013,45307104.0,292280658614.4,74.85,1369.568,4.685797570364871e-09,6451.1
Ukraine,UKR,2014,45148072.0,274795546150.88,65.39,1208.371,4.397345651797896e-09,6086.54
Ukraine,UKR,2015,44982568.0,249859272561.44,52.6,1003.408,4.0158925851081374e-09,5554.58
Ukraine,UKR,2016,44833568.0,256342201739.52002,57.15,1049.995,4.096067650487544e-09,5717.64
Ukraine,UKR,2017,44657260.0,262422136373.59998,46.1,975.331,3.716649111534783e-09,5876.36
Ukraine,UKR,2018,44446952.0,270803722328.47998,47.45,1011.989,3.7369833446102924e-09,6092.74
Ukraine,UKR,2019,44211100.0,277946343480.0,44.71,957.663,3.4454959472021618e-09,6286.8
Ukraine,UKR,2020,43909664.0,265978398713.59998,41.4,918.452,3.4531074870819492e-09,6057.4
United Kingdom,GBR,2000,58850044.0,1165614573486.8801,180.9,2664.474,2.285896265031548e-09,19806.52
United Kingdom,GBR,2001,59092016.0,1196566050387.2,186.11,2692.175,2.249917586353743e-09,20249.2
United Kingdom,GBR,2002,59355688.0,1224390319177.76,185.21,2631.41,2.149159429623002e-09,20628.02
United Kingdom,GBR,2003,59649800.0,1265997811232.0,195.19,2669.371,2.1085115442674533e-09,21223.84
United Kingdom,GBR,2004,59995852.0,1296925533015.8398,193.62,2691.21,2.0750690240031932e-09,21616.92
United Kingdom,GBR,2005,60383740.0,1333688419331.2,195.12,2713.482,2.034569664600312e-09,22086.88
United Kingdom,GBR,2006,60803700.0,1365206018916.0,201.41,2678.878,1.9622518234479226e-09,22452.68
United Kingdom,GBR,2007,61260680.0,1398369362447.2,201.77,2604.628,1.8626180392294933e-09,22826.54
United Kingdom,GBR,2008,61742152.0,1388229068213.5999,198.3,2559.33,1.8435934375681929e-09,22484.3
United Kingdom,GBR,2009,62243384.0,1327604075748.1602,176.04,2430.017,1.8303777793319775e-09,21329.24
United Kingdom,GBR,2010,62760048.0,1352320879079.04,183.21,2481.533,1.8350178854666342e-09,21547.48
United Kingdom,GBR,2011,63286360.0,1372176123247.2,169.09,2342.043,1.7068093230318342e-09,21682.02
United Kingdom,GBR,2012,63808728.0,1394302381971.8398,175.21,2379.613,1.706669249632007e-09,21851.28
United Kingdom,GBR,2013,64302296.0,1421712190146.72,163.12,2371.596,1.668126654914067e-09,22109.82
United Kingdom,GBR,2014,64773504.0,1466707906114.56,142.36,2240.112,1.5273061464121076e-09,22643.64
United Kingdom,GBR,2015,65224368.0,1500331351844.16,124.17,2275.699,1.516797604211085e-09,23002.62
United Kingdom,GBR,2016,65655204.0,1530309878289.1199,109.48,2251.756,1.4714379302821032e-09,23308.28
United Kingdom,GBR,2017,66064808.0,1568119567872.64,99.53,2252.731,1.4365811422506037e-09,23736.079999999998
United Kingdom,GBR,2018,66432996.0,1594199248311.5999,93.37,2243.542,1.4073159314157952e-09,23997.1
United Kingdom,GBR,2019,66778660.0,1619386511719.6,85.61,2196.601,1.3564402223330028e-09,24250.06
United Kingdom,GBR,2020,67059472.0,1440680213848.64,75.61,1973.261,1.3696731453877758e-09,21483.62
United States,USA,2000,282398560.0,8034047000979.2,2025.02,26545.426,3.3041163434523857e-09,28449.32
United States,USA,2001,285470496.0,8120025557602.561,1995.67,25912.779,3.1912188965635167e-09,28444.36
United States,USA,2002,288350240.0,8271303566380.8,2024.93,26297.848,3.179407911818054e-09,28684.92
United States,USA,2003,291109824.0,8511457389719.04,2058.23,26380.113,3.0993649844108304e-09,29237.96
United States,USA,2004,293947872.0,8837736777275.52,2089.92,26897.549,3.04348835882527e-09,30065.66
United States,USA,2005,296842656.0,9138627691881.6,2140.76,26910.133,2.944657984470241e-09,30786.1
United States,USA,2006,299753088.0,9383410716134.4,2112.2,26698.119,2.84524676662545e-09,31303.8
United States,USA,2007,302743392.0,9554351366542.08,2174.72,27063.787,2.8326137444320254e-09,31559.239999999998
United States,USA,2008,305694912.0,9528852785341.44,2129.42,26405.514,2.7711115487711707e-09,31171.12
United States,USA,2009,308512032.0,9267966761627.52,1955.17,25105.531,2.708849917755995e-09,30040.86
United States,USA,2010,311182848.0,9505248130897.92,2062.47,25951.863,2.7302667581754587e-09,30545.54
United States,USA,2011,313876608.0,9666928711488.0,1979.51,25726.066,2.6612450311573742e-09,30798.5
United States,USA,2012,316651328.0,9901788354984.959,1901.0,25047.863,2.5296302144642284e-09,31270.32
United States,USA,2013,319375168.0,10100820950805.76,1908.65,25727.75,2.5470949465694323e-09,31626.82
United States,USA,2014,322033952.0,10341843419281.28,1914.11,25996.219,2.5136929603413627e-09,32114.14
United States,USA,2015,324607776.0,10627970209704.959,1828.25,25747.033,2.422572936503814e-09,32740.96
United States,USA,2016,327210208.0,10813191403896.96,1755.35,25723.152,2.3788677217652546e-09,33046.62
United States,USA,2017,329791232.0,11072489973063.68,1688.94,25819.029,2.3318177810782026e-09,33574.24
United States,USA,2018,332140032.0,11419671794227.2,1731.3,26764.953,2.3437585144548597e-09,34382.1
United States,USA,2019,334319680.0,11704792766150.4,1633.31,26574.742,2.270415421352239e-09,35010.78
United States,USA,2020,335942016.0,11326278350599.682,1493.52,24603.098,2.1722137880089593e-09,33714.98
